PP115673;
PP116165;
PP113530;
D0423816;
D0423817;
D0423811;
D0423813;
D0423818;
D0423819;
D0425419;
D0425148;
D0425149;
D0425144;
D0425145;
RE367869;
D0425411;
D0425140;
D0425417;
D0425414;
D0425143;
PP114987;
D0419007;
D0419005;
D0419000;
D0419001;
D0419008;
PP112917;cultivar gerbera;
D0422224;
D0421249;
D0421248;
D0421718;
D0421714;
D0421241;
D0421716;
D0421711;
D0421710;
D0421245;
D0421712;
RE369667;
D0426945;
D0426947;
D0426946;
D0426940;
D0426949;
D0426948;
D0420311;
D0420046;
D0420047;
D0420045;
D0420042;
D0420041;
RE365572;
RE368202;
RE364959;
D0423666;
D0423665;
D0423664;
D0423663;
D0423662;
D0423661;
D0423660;
D0418326;
D0418327;
D0418320;
D0418321;
D0418322;
D0418323;
D0418328;
D0418329;
D0425629;
D0425975;
D0425974;
D0425977;
D0425976;
D0425971;
D0425970;
PP114405;
D0423483;
D0423482;
D0423481;
D0423480;
D0423486;
D0423485;
D0423484;
D0423488;
PP116378;august date flower;branch mound prolif;august date flower season;`odysseus` chrysanthemum plant;branch mound natur prolif;
D0424599;
D0424590;
D0424591;
D0424592;
D0424593;
D0424595;
D0424596;
D0424597;
D0422533;
D0422535;
D0422288;
D0422289;
D0422286;
D0422287;
D0422284;
D0422280;
D0422281;
D0426443;
D0426445;
D0426447;
D0426449;
D0425625;
D0425627;
D0425621;
D0425620;
D0425622;
D0424625;
D0424622;
D0425628;
D0424621;
D0424976;
D0424977;
D0424975;
D0424972;
D0424971;
D0419494;
D0419497;
D0419496;
D0424979;
D0422754;
D0422755;
D0422756;
D0422751;
D0422752;
D0422759;
D0426196;
D0426197;
D0426194;
RE367451;adjust collar support surgic;cervic extric;adjust support surgic;collar surgic;collar support surgic;cervic collar extric;
D0426192;
PP115444;abund dark pink;`poulyn` miniatur new pot;`poulyn` miniatur new;abund dark flower pink;abund dark;
D0426190;
D0426191;
D0426198;
D0426199;
D0419271;
D0421135;
D0419274;
D0419277;
D0424942;
D0419278;
D0421137;
D0421136;
D0421131;
D0421130;
D0425081;
D0425080;
D0425083;
D0425082;
D0425085;
D0425087;
D0425086;
D0425089;
D0425088;
D0420508;
D0420679;
D0425147;
D0420671;
D0420670;
D0420673;
D0420675;
D0420674;
D0425141;
PP115053;
D0425142;
D0425415;
RE366323;
RE366498;exterior other surfac;build surfac system;build window;
D0420909;
D0420908;
D0420459;
D0420458;
D0420903;
D0420902;
D0420907;
D0420906;
D0420452;
RE368431;
D0423757;
RE366145;
D0423204;
PP112496;
H0001888;
H0001883;adapt circuit learn;adapt continuous-tim learn;circuit integr transconductance-c;chip integr semiconductor;circuit transconductance-c;constant long time;adapt continuous-tim;circuit continuous-tim learn multiplier-integrator-multipli;circuit continuous-tim learn;circuit circuit continuous-tim multiplier-integrator-multipli;
H0001882;
H0001887;
H0001885;
H0001884;
RE364894;
PP114235;appear pale pink;
D0424029;
D0424021;
D0421502;
D0421503;
D0424024;
D0424025;
D0421506;
D0421507;
D0425726;
D0424362;
D0424360;
D0424366;
D0424365;
D0424364;
D0424369;
D0424368;
RE365149;
D0418519;
D0418518;
D0418516;
D0418514;
D0418510;
D0422026;
PP116491;
D0418847;
D0423348;
D0423349;
D0423838;
D0418846;
D0423832;
D0423341;
D0423342;
D0423831;
D0423836;
D0423837;
D0423834;
D0423835;
D0427100;
D0425589;
D0425163;
D0425160;
D0425161;
D0425167;
D0425164;
D0425165;
D0425168;
D0425169;
D0421885;
D0421884;
D0421887;
D0419068;
D0421880;
D0421883;
D0421882;
D0419064;
D0419067;
D0419060;
D0419061;
D0419062;
PP116149;
D0421089;
D0421085;
D0421087;
D0421080;
RE369500;
D0426279;
D0426273;
D0426272;
D0426271;
RE367842;
D0426277;
D0426276;
D0426275;
D0426274;
D0419688;
D0419689;
D0421263;
D0421262;
D0421265;
D0421264;
D0419680;
D0419681;
D0419683;
D0419684;
D0419686;
D0421558;
D0420025;
D0420021;
D0420023;
D0420029;
RE364932;
PP114391;
D0423645;
D0423131;
D0423646;
D0423641;
D0423640;
D0423643;
D0423134;
D0418651;
D0418652;
D0423138;
D0418654;
D0418307;
D0418304;
D0425993;
D0425992;
D0425991;
D0425990;
D0425996;
D0425995;
D0425994;
D0425999;
PP114170;
PP117153;
PP116823;bract floral;
D0425681;
D0422159;
D0422516;
D0422517;
D0422515;
D0422512;
D0422518;
D0426464;
D0426465;
D0426463;
D0426460;
D0426461;
D0426468;
D0424644;
D0424646;
D0424647;
D0424640;
D0424648;
D0424649;
D0419472;
D0422778;
D0422779;
D0419476;
D0419475;
D0419474;
D0422770;
D0419478;
D0422776;
D0422777;
D0422774;
D0422775;
RE367303;
PP115428;lucki new time` varieti;`purpl lucki time`;`purpl lucki;`purpl lucki new time`;lucki new time`;
D0419215;
D0419214;
D0419213;
D0419211;
D0419210;
PP011703;
D0419219;
PP113700;
D0424919;
D0420443;
D0424915;
D0424913;
D0420619;
D0420618;
D0420616;
D0420615;
D0420614;
D0420613;
D0425208;
D0425203;
D0425200;
D0425207;
D0425204;
PP011572;diseas good winter;attract flower pink;attract hardi pink winter;habit have plant;attract hardi pink;diseas fungal good winter;attract pink;bloom eas propag;diseas fungal good;attract flower hardi pink;diseas good hardi winter;attract good hardi winter;attract hardi winter;
RE366307;
RE368075;
D0421834;
D0420923;
D0420924;
D0420926;
D0420929;
D0421830;
D0421698;
D0421699;
D0421690;
D0421691;
D0421692;
D0421693;
RE366161;
D0421697;
D0421477;
D0424008;
D0424009;
D0424006;
D0424007;
D0424004;
D0421525;
D0421522;
D0424003;
D0421520;
D0424001;
RE365300;
D0424343;
D0424342;
D0424345;
D0424344;
D0424347;
D0418823;
D0418822;
D0418821;
D0418820;
D0418827;
D0418530;
D0418825;
D0418532;
D0418829;
D0418828;
D0418538;
RE036830;
D0418799;
D0418791;
D0418790;
D0418794;
D0418797;
D0418796;
PP115630;
PP114618;cascad flower purpl;cultivar petunia plant;bright numer purpl;cultivar distinct petunia;`weskleipur` cultivar distinct;bright flower purpl;cultivar distinct petunia plant;`weskleipur` cultivar distinct petunia;bright flower numer purpl;bright cascad flower purpl;
D0423588;
D0423589;
D0423583;
D0423580;
D0423581;
D0423586;
D0423587;
D0423584;
D0423585;
D0419144;
D0425839;
D0425830;
D0425834;
D0425835;
D0425837;
D0423368;
D0423364;
D0423365;
D0423362;
D0423360;
D0422185;
D0422186;
D0422181;
D0422180;
D0422183;
D0422182;
D0422189;
D0422188;
D0419042;
D0419043;
D0419041;
D0419046;
D0419047;
D0419044;
D0419045;
D0421063;
D0421062;
D0421060;
D0421067;
D0421066;
D0421065;
D0421064;
D0421068;
D0426251;
D0426250;
D0426256;
D0426259;
D0426258;
PP011295;
D0421206;
D0421204;
D0421201;
RE369624;
D0421208;
RE369195;
PP115398;`poulpollo` miniatur new;abund blend bronze-peach flower;blend bronze-peach flower;abund blend bronze-peach;
D0420008;
D0420009;
D0420550;
D0420552;
D0420006;
D0420007;
D0420005;
RE368571;
D0418498;
D0418492;
D0418493;
D0418490;
D0418491;
D0418496;
D0418497;
D0420837;
D0420836;
RE364916;
D0426136;
D0426137;
D0418676;
D0418674;
D0418675;
D0418670;
D0418671;
D0426899;
D0426898;
D0426893;
D0426892;
D0426890;
D0426897;
D0426895;
D0426894;
PP114111;
PP117137;circular distinct green-whit;center circular distinct green-whit;`trumpet pastel;circular green-whit;`trumpet pastel pink`;center circular green-whit;
D0423119;
D0423118;
D0423111;
D0423110;
D0423113;
D0423112;
D0423115;
D0423117;
D0422579;
D0421004;
D0422574;
D0422570;
D0422573;
D0426408;
D0426409;
D0426405;
D0426407;
D0426400;
D0426401;
D0426402;
D0426403;
D0424668;
D0424662;
D0424663;
D0424661;
D0424665;
D0422790;
D0419186;
D0422792;
D0419184;
D0419183;
D0419182;
D0419181;
D0419180;
D0422798;
D0422799;
PP116262;`poulzin` compact floribunda new;abund cherry-r flower;`poulzin` compact new;
D0419188;
PP115401;
D0422071;
D0422610;
PP111899;
RE369853;
D0423755;
RE368806;
PP113727;
D0423754;
D0424933;
D0424930;
D0424931;
D0424937;
D0424935;
D0419451;
D0424938;
D0424939;
D0419455;
D0419457;
D0419456;
D0420631;
D0420630;
D0420632;
RE367583;
D0425221;
D0425222;
D0425227;
D0425226;
D0423752;
D0419239;
D0419989;
D0419988;
D0419987;
D0419234;
D0419985;
D0419236;
D0419230;
D0419233;
D0419232;
D0420947;
D0420945;
D0420944;
D0420942;
D0420940;
D0420949;
D0420948;
D0423750;
RE366986;
D0424064;
D0424065;
D0424066;
D0424067;
D0424060;
D0424061;
D0421542;
D0424063;
D0421548;
D0421549;
D0422897;
D0420498;
D0422894;
D0422893;
D0422892;
D0420493;
D0420492;
D0420495;
D0420494;
D0422899;
D0422898;
D0426798;
D0426799;
D0426794;
D0426795;
D0426796;
D0426791;
D0426793;
D0424328;
D0424327;
D0424325;
D0424324;
D0424323;
D0424322;
D0421912;
D0418809;
D0418808;
D0418801;
D0418800;
D0418803;
D0418802;
D0418805;
D0418807;
RE365181;
D0422554;
PP114588;
RE036813;
D0424494;
D0424497;
PP113123;
D0424490;
D0424493;
D0419351;
D0424499;
PP115983;
RE368385;
PP114634;
D0423561;
D0423562;
D0423563;
D0423565;
D0423567;
D0423568;
RE368032;
D0425819;
D0425817;
D0425815;
D0425811;
D0423305;
D0423306;
D0423302;
D0423303;
D0423308;
PP112291;
D0421414;
PP116459;form hybrid tea;
PP116181;
D0421049;
D0421048;
D0421041;
D0421043;
D0421042;
D0421045;
D0421044;
PP112607;
RE369810;elastomer electrically-pow screed;electr machin pave power;electr machin power;elastomer electrically-pow element heat;elastomer element heat;electrically-pow element heat;member retain screed;elastomer electrically-pow heat;elastomer electrically-pow heat screed;electr machin pave;
RE369543;
D0426237;
D0426236;
D0426235;
D0426234;
D0426233;
D0426232;
D0426231;
D0426238;
D0421959;
D0421958;
D0421953;
D0421224;
D0421227;
D0421950;
D0421221;
D0421220;
D0421223;
D0421222;
RE369608;
D0425311;
PP115215;
D0420798;
D0420799;
D0420793;
D0420790;
D0420791;
D0420796;
D0420794;
PP115371;growth habit low;
RE368636;
PP113913;
D0420577;
D0420574;
D0420575;
D0420572;
D0420573;
D0420570;
RE366641;
D0418470;
D0418472;
D0418473;
D0418474;
D0418476;
D0418477;
D0418479;
RE365513;
PP114359;
D0418617;
D0422536;
D0418612;
D0418613;
D0422537;
D0418619;
PP114138;deep mahogani red;deep mahogani produc red;deep produc varieti;dahlia naomi` plant;deep mahogani produc;`karma dahlia naomi` plant;deep plant produc varieti;dahlia naomi` plant varieti;`karma naomi`;deep mahogani produc varieti;`karma dahlia naomi`;
D0423176;
D0423175;
D0423174;
D0423172;
D0422220;
D0422553;
D0422222;
D0422556;
D0422557;
D0422226;
D0422555;
D0422229;
D0422558;
D0426420;
D0426426;
D0426427;
D0426425;
D0426428;
D0426429;
D0424684;
D0424686;
D0424687;
D0424689;
RE367346;
D0423799;
D0423798;
D0419829;
D0423792;
D0423791;
D0423790;
D0423797;
D0423796;
D0423794;
D0427088;
D0427083;
D0427081;
D0427080;
D0427086;
D0427084;
D0425791;
D0425793;
D0425020;
D0425795;
D0425794;
D0425797;
D0425024;
PP113743;bi-color compact flower;bi-color compact flower white;doubl orang red;
D0425405;
D0419439;
D0419438;
D0419437;
D0419436;
D0419434;
D0419431;
D0419430;
D0425400;
D0425246;
D0425245;
D0425244;
D0425403;
D0425150;
D0425249;
D0425248;
D0424048;
D0424042;
D0424043;
D0421560;
D0421561;
D0421566;
D0424047;
D0421564;
D0421565;
RE369012;
D0420968;
D0420965;
D0423340;
D0419013;
D0420963;
D0421899;
D0424306;
D0424301;
D0424300;
D0424308;
D0418869;
D0418868;
D0418865;
D0418864;
D0418863;
D0418862;
D0418861;
D0418860;
PP113107;
D0420218;
D0420212;
D0420211;
D0420210;
D0420216;
PP114650;
D0418289;
D0423545;
D0423542;
D0423091;
D0423092;
D0423093;
D0418283;
D0418282;
D0418281;
D0418286;
D0418285;
D0425875;
D0425870;
D0425871;
D0425872;
D0425878;
D0425879;
RE368059;
D0423329;
D0423899;
D0423323;
D0423896;
D0423897;
D0423326;
D0423891;
D0423324;
D0423325;
PP116475;
PP114901;
PP112763;
PP116653;
D0421029;
D0421028;
D0421026;
D0421025;
D0421022;
D0421020;
D0422053;
D0422052;
D0422050;
D0422057;
D0422056;
D0422054;
D0426219;
D0426218;
D0426214;
D0426217;
D0426216;
D0426212;
D0425493;
D0425490;
D0425491;
D0425496;
D0425497;
D0425494;
D0425495;
D0425498;
D0425499;
D0419379;
D0421797;
D0421972;
D0421791;
D0421790;
D0421977;
D0421976;
D0421978;
D0419372;
D0419374;
D0421798;
D0419376;
D0419377;
RE367133;
PP115231;
PP113689;
D0420770;
D0420771;
D0420772;
D0420773;
D0420774;
D0420779;
PP115355;
PP113972;
RE365289;
D0420515;
D0420517;
D0420511;
D0420512;
D0420518;
RE366668;distal-most surfac;
RE366889;
D0418456;
D0418455;
D0418450;
RE365068;
D0418458;
D0418459;
RE368288;
D0421835;
D0424298;
D0421843;
D0421842;
RE369225;
D0425321;
D0418434;
RE036990;
D0424512;
D0424516;
D0424518;
D0422143;
D0423154;
D0423157;
D0423156;
D0423152;
D0418632;
D0418633;
D0418631;
D0423158;
D0418634;
D0422144;
D0422206;
D0422207;
D0422204;
D0422205;
D0422202;
D0422147;
D0422200;
D0421847;
D0422146;
D0422208;
D0422209;
D0423411;
D0423941;
PP113379;`eckabiel` new;compact leav;poinsettia varieti;
D0423417;
RE368849;acrylamid mannich mannich polym;dewat superior;bulk increas viscos;content high solid;bulk increas invers viscos;bulk invers viscos;bulk increas signific viscos;bulk invers microemuls viscos;invers microemuls polymer;invers microemuls viscos;invers microemuls polymer viscos;bulk increas signific;
D0425003;
D0425002;
D0425004;
D0425007;
D0425006;
D0419143;
D0419142;
D0419141;
D0419416;
D0419147;
D0419410;
D0419413;
D0420454;
D0419149;
D0419148;
D0419418;
D0425265;
D0425264;
D0425267;
D0425263;
D0420450;
D0420904;
PP111945;
D0421827;
D0421825;
D0421823;
PP112410;
D0419736;
D0426008;
D0426009;
D0426000;
D0426002;
D0426003;
D0426005;
D0426006;
D0426007;
D0421580;
D0421582;
D0421583;
D0421584;
D0421829;
D0421589;
D0419081;
D0422853;
D0422852;
D0422851;
D0422850;
D0422856;
D0422854;
D0422858;
RE369039;
D0420983;
D0420982;
D0420980;
D0420987;
D0420986;
D0420985;
D0420984;
D0420989;
D0420988;
D0420189;
D0420188;
D0418840;
D0418843;
D0418842;
D0420182;
D0420181;
D0420180;
D0420187;
D0420185;
D0420184;
PP113166;attract numer spray yellow;mildew powderi toler;numer spray yellow;attract flower spray;infloresc powderi toler;attract flower numer spray;infloresc toler yellow;infloresc mildew powderi toler;attract numer spray;infloresc powderi toler yellow;infloresc numer toler yellow;infloresc numer yellow;`barseven` cultivar distinct;infloresc numer spray yellow;
RE365491;
D0420230;
D0420235;
D0420236;
D0420239;
D0420238;
D0423528;
D0423529;
D0423524;
D0423525;
D0423527;
D0423520;
D0423521;
D0423522;
D0423523;
RE365726;
D0425858;
D0425859;
D0425852;
D0425853;
D0425850;
D0425854;
D0425855;
PP117099;`dapawhi` cultivar dahlia distinct;infloresc uniform white;`dapawhi` cultivar distinct;doubl infloresc white;doubl infloresc uniform white;growth infloresc uniform white;
PP116416;
D0419554;
D0420199;
PP114928;
D0422699;
D0422698;
D0422695;
D0422694;
D0422696;
D0422691;
D0422690;
D0422693;
D0422692;
D0426589;
D0426585;
D0426587;
D0419553;
D0426581;
D0426580;
D0426583;
D0424728;
D0424722;
D0424720;
D0424726;
D0424725;
D0424724;
D0421005;
D0424028;
D0421007;
D0421006;
D0421001;
D0421000;
D0421002;
D0421008;
RE369586;
D0422070;
D0422075;
D0422074;
D0422076;
D0422079;
D0422078;
D0421917;
D0421916;
D0419602;
D0419603;
D0421913;
D0419605;
D0421911;
D0419359;
D0421504;
D0419354;
D0419355;
D0419352;
D0419353;
D0419350;
D0421505;
RE368989;
PP115258;
D0420756;
D0420757;
D0420754;
D0420750;
D0420751;
D0420759;
PP011278;
RE368679;
RE366064;
RE365262;
D0420539;
D0420533;
D0420536;
D0420537;
D0420535;
D0426128;
RE366609;
RE365009;
D0420809;
PP114316;
RE367974;
PP115800;
D0418439;
RE369209;
D0418436;
D0418430;
D0418431;
D0418432;
D0418433;
D0420153;
D0424536;
D0424534;
D0424535;
D0424532;
D0424533;
D0424530;
D0424538;
D0424539;
D0418382;
D0418383;
D0418380;
D0418387;
D0421318;
D0419953;
D0425062;
D0422269;
D0422264;
D0422265;
D0422266;
D0422267;
D0422260;
D0422261;
D0422262;
D0422263;
D0425068;
D0425067;
D0425066;
D0425065;
D0425064;
D0425063;
D0423122;
D0425061;
D0425060;
D0423651;
D0423656;
D0423657;
D0419169;
D0419168;
D0423654;
D0419161;
D0419160;
D0419163;
PP112046;
D0419166;
PP116750;`white chrysanthemum refocus`;`white chrysanthemum plant refocus`;
D0425281;
D0425280;
D0425287;
D0425286;
D0425285;
D0425289;
RE366471;audio digit sound;
PP111961;
D0422488;
D0419298;
D0422480;
D0422481;
D0422482;
D0422483;
D0422484;
D0419292;
D0419291;
D0419290;
D0426399;
D0426391;
D0426392;
D0426393;
D0426394;
D0421614;
D0419167;
D0421616;
D0421617;
D0421618;
D0424884;
D0424883;
PP112437;earli octob;copperi orang;be floret;compact form;
D0424881;
D0426028;
D0426026;
D0426027;
D0426024;
D0426022;
D0426023;
PP011426;
RE366293;
D0422879;
D0422878;
D0419838;
D0424082;
D0424080;
D0424081;
D0422871;
RE369055;
D0422873;
D0422872;
D0419837;
D0422874;
D0424088;
D0419834;
RE365920;rigid singl tube;have rigid singl;cabl optic;attach entri;cabl fit stub;entri optic port;have singl;
D0419341;
D0419343;
H0001828;
H0001827;absorb topsheet use;perviou suitabl web;absorb articl topsheet use;topsheet;absorb articl topsheet;
D0420256;
D0420254;
D0420253;
D0420252;
D0420259;
D0423050;
D0423503;
D0423052;
D0423501;
D0423054;
D0423055;
D0423056;
D0423505;
D0423059;
D0423508;
RE365742;
RE368091;
RE036651;stimul suffici;growth stimul;
PP111775;
PP116920;
PP116432;blue flower numer purpl;dark purpl small;blue dark purpl small;cultivar perovskia plant;flower flower numer;blue flower numer;cultivar distinct perovskia plant;`littl cultivar distinct spire`;blue flower flower numer;distinct spire`;cultivar distinct perovskia;cultivar distinct perovskia spire`;`littl distinct spire`;cultivar distinct spire`;
D0426620;
D0426621;
D0426623;
D0426625;
D0426626;
D0419296;
D0419294;
D0419293;
RE369446;
D0422673;
D0422672;
D0422671;
D0422670;
D0422677;
D0422676;
D0422674;
D0422679;
D0422678;
D0426563;
D0426561;
D0426560;
D0426567;
D0426565;
D0424702;
D0424704;
D0424707;
D0424709;
D0424708;
D0422017;
D0422016;
D0422015;
D0422014;
D0422013;
D0422012;
D0422011;
D0422019;
RE367710;
RE367249;
D0419334;
D0419627;
D0419336;
D0419625;
D0419622;
D0419331;
D0419620;
D0419621;
D0419338;
D0419339;
D0419628;
PP115274;hybrid rose tea;perfum sweet veri;hybrid plant rose tea;light perfum sweet veri;plant rose tea;light perfum sweet;perfum sweet uniform veri;bush perfum uniform veri;perfum uniform veri;bush uniform veri;
D0420888;
D0420889;
D0420738;
D0420883;
D0420736;
D0420737;
D0420886;
D0420887;
D0420884;
D0425548;
D0425549;
PP115312;
D0425541;
D0425543;
D0425544;
D0425545;
D0419492;
RE368652;
D0421938;
D0421288;
D0421287;
D0421934;
D0421285;
D0421284;
D0421283;
D0421282;
D0421281;
D0421280;
D0420083;
D0420080;
D0420081;
D0420086;
D0420084;
D0420085;
D0424889;
RE366625;
PP112844;
PP112593;bloom mani small;
RE364991;
D0421429;
D0421428;
D0422522;
D0421423;
D0424142;
D0421421;
D0421420;
D0424147;
D0424146;
D0424145;
D0421424;
D0422294;
D0422524;
D0426812;
D0426811;
D0426810;
D0426817;
D0426816;
D0426815;
D0426819;
PP114197;
D0423830;
D0423345;
D0418412;
D0418416;
D0418414;
D0418418;
D0418419;
RE369268;
D0424559;
D0424556;
D0424550;
D0424552;
PP113085;
D0418587;
D0421924;
D0421293;
PP114731;glauca;distinct glauca picea plant;glauca picea plant;blue needle-lik uniqu;distinct picea plant;`haal`;picea;glauca picea;blue foliag needle-lik;blue foliag needle-lik uniqu;
PP115487;
D0423269;
D0423263;
D0423261;
D0423267;
D0423266;
D0423265;
D0423264;
D0424086;
D0422243;
D0422240;
D0424085;
D0422246;
D0422247;
D0422244;
D0422245;
D0425733;
D0425044;
D0425731;
D0425730;
D0425041;
D0425040;
D0425735;
D0425042;
D0425739;
D0425738;
D0425048;
D0421383;
D0419833;
D0422870;
D0419109;
D0419108;
D0422875;
D0419103;
D0419100;
D0422877;
PP116777;
D0424089;
D0418275;
RE366455;carcass due hide movement;carcass due movement;member peel second;carcass due hide;back carcass portion;enter gap position;
RE369462;
D0423774;
D0421636;
D0421634;
D0421633;
D0426044;
D0426045;
D0426046;
D0426047;
D0426040;
RE367508;
D0426048;
D0423778;
D0419810;
RE369071;
D0419814;
D0419817;
D0419816;
D0419819;
D0421881;
D0422815;
D0422814;
RE365904;
PP113859;
D0421888;
H0001847;
H0001844;magneto-opt mor rotat spectromet;laser magneto-opt rotat spectromet;high intens provid;high input intens provid;lmor rotat spectromet;have laser light sourc;laser magneto-opt rotat;magneto-opt rotat spectromet;lmor magneto-opt rotat;mor rotat spectromet;lmor magneto-opt mor rotat;high input intens;magneto-opt mor rotat;have laser light;
H0001843;
H0001841;
D0420278;
D0420277;
D0420270;
D0420273;
D0425374;
D0423077;
D0423074;
D0418998;
D0423070;
D0423071;
D0423347;
D0418992;
D0418997;
D0418996;
D0418995;
D0425896;
D0425897;
D0425894;
D0425895;
D0425892;
D0425893;
D0425890;
D0425891;
D0425898;
D0425899;
RE036892;
PP111759;
PP112216;
D0426608;
D0426609;
D0426606;
D0426605;
D0426602;
D0426601;
D0424152;
D0422651;
D0422650;
D0422653;
D0422652;
D0422655;
D0422657;
D0422656;
D0426549;
D0422386;
D0422385;
D0422384;
D0422383;
D0422382;
D0426540;
D0426542;
D0426545;
D0426544;
D0422388;
D0424767;
D0424766;
D0423388;
D0424761;
D0424760;
D0423387;
D0423380;
D0424769;
D0424768;
D0422039;
D0422035;
D0422031;
D0422030;
RE367265;
D0425388;
D0425383;
D0425380;
D0425381;
RE367192;.delta.-epoxyalken .gamma. wherein;homogen liquid phase;contain inert organ solvent;amount copper solubl;amount catalyt solubl;.delta.-epoxyalken compound wherein;.gamma. compound wherein;.gamma. isomer liquid phase;catalyt contain solvent;inert organ solvent;
D0425384;
D0425385;
D0423920;
D0423922;
D0423925;
D0420712;
D0420713;
D0420862;
D0420711;
D0420716;
D0420717;
D0420714;
D0420715;
PP113999;
D0425568;
D0425569;
D0425566;
D0425567;
D0425564;
D0425562;
D0425563;
D0425561;
D0426270;
PP011233;
RE366021;
D0419319;
D0419648;
D0419649;
D0419644;
D0419313;
D0419310;
D0419647;
D0419640;
D0419317;
D0419642;
D0419643;
D0426809;
PP112860;
D0421401;
D0421400;
D0424163;
D0424162;
D0421405;
D0424164;
D0421407;
D0424166;
D0424169;
D0421408;
RE369799;
D0426839;
D0426838;
D0426831;
D0426830;
D0426833;
D0426832;
D0426835;
D0426837;
RE369640;radiat unscatt;involv lithograph;fabric process;
RE368954;
RE369241;adhes amount increas;desir have patient;achiev adhes contribut;area desir nominally-s;avail increas make;adhes dental mean reduced-s;adhes amount avail increas;area desir have nominally-s;adhes bib dental mean;amount avail increas;desir have nominally-s patient;adhes dental mean;amount avail increas make;adhes mean reduced-s;desir have nominally-s;bib dental mean;
D0424572;
D0424570;
D0424571;
D0424575;
D0424578;
D0422426;
D0418694;
D0418696;
D0418697;
D0418691;
D0418692;
PP115843;
PP114715;
D0423403;
D0423954;
D0423506;
D0423957;
D0423507;
PP117196;appl cultivar good;cultivar good propag suffici;mechan propag strength suffici;good mechan propag suffici;mechan strength suffici;scion varieti;appl differ number;appl cultivar differ;scion varieti vigor;appl rootstock varieti;mechan propag suffici;compat excel;appl cultivar differ number;`pi new select`;good propag suffici;appl cultivar differ good;cultivar good propag;mechan suffici;compat excel rootstock;new select`;appl cultivar good propag;appl distinct rootstock varieti;
D0423504;
D0423407;
D0423057;
RE368113;
D0423241;
D0423240;
D0423711;
D0423242;
D0423244;
D0423715;
D0423249;
D0423248;
D0423719;
D0427003;
D0427002;
D0427001;
D0427000;
D0427007;
D0427005;
D0427004;
D0427008;
D0419124;
D0419126;
D0419121;
D0419123;
PP112003;
PP116718;
D0425719;
D0425718;
D0425711;
D0425712;
D0425715;
D0425714;
D0425717;
D0425716;
D0421878;
D0421879;
D0421658;
D0421659;
D0419722;
D0421654;
D0421655;
D0421872;
D0421874;
D0421876;
D0421653;
D0419780;
D0419783;
D0419782;
D0419785;
D0419784;
D0419786;
D0419789;
D0419727;
D0426068;
D0426062;
D0426063;
D0426060;
D0426061;
D0426067;
D0426065;
RE367036;
D0419877;
D0422834;
D0419875;
D0419874;
D0422831;
D0422830;
D0422833;
D0419870;
D0422838;
D0419879;
RE365963;
PP113875;
H0001865;
H0001864;
H0001861;
H0001863;
H0001862;
H0001869;
RE366927;
D0420292;
D0420291;
D0420295;
D0420294;
D0420298;
RE368326;r.sup.4 r.sup.5 r.sup.6;r.sup.3 r.sup.4 r.sup.5;
RE365785;
PP114529;disc yellow;
D0426998;
D0426999;
D0426996;
D0426994;
D0426995;
D0426993;
D0426990;
D0426991;
PP111732;`hass` avocado tree;`mendez new;
PP116963;darker exhibit;color exhibit;petunia seri trumpet;
D0426666;
D0426667;
D0426662;
D0426663;
D0426668;
D0426669;
D0424297;
D0424295;
D0424293;
D0423019;
D0424291;
D0424290;
D0423015;
D0423016;
D0423017;
D0423010;
D0423011;
D0423012;
D0423013;
D0422639;
D0422638;
D0422637;
D0422633;
D0422632;
D0422631;
D0422630;
D0426529;
D0426528;
D0426527;
D0426525;
D0426524;
D0426522;
D0426521;
D0426520;
D0424748;
D0424745;
D0424747;
D0424746;
D0424741;
D0424740;
D0424743;
D0424742;
D0421519;
D0426295;
D0426294;
D0426291;
D0426293;
D0426292;
RE367206;
D0426299;
D0426298;
D0421513;
D0421143;
PP116033;
D0424030;
D0425360;
D0425362;
D0425364;
D0424035;
D0425366;
D0425369;
PP113603;
D0423908;
D0423909;
D0423906;
D0423907;
D0423905;
D0423902;
D0423901;
D0420847;
D0420844;
D0420842;
D0420840;
RE368695;
D0420849;
D0425505;
D0425506;
D0425500;
D0425501;
D0425508;
D0425509;
RE366552;
RE366005;
PP114898;
D0419663;
D0419660;
D0419667;
D0419665;
D0419668;
PP112801;
D0426119;
D0424864;
D0421813;
D0424107;
D0421466;
D0422998;
D0424104;
D0421463;
D0424102;
D0421461;
D0422992;
D0422990;
D0422991;
D0422997;
D0422994;
D0421468;
D0420598;
D0421814;
RE365203;
D0420596;
D0420597;
D0420590;
PP011619;excel longev postproduct;purpl reddish small;cultivar distinct hypericum;cut longev postproduct;earli flower plant;medium plant stem;berri purpl reddish small;`bosaque` cultivar distinct;length medium stem;cut excel longev postproduct;`bosaque` cultivar distinct hypericum;berri purpl reddish;length medium plant stem;cultivar distinct hypericum plant;cultivar hypericum plant;
D0426858;
D0426857;
D0426854;
D0426852;
D0426850;
RE036911;averag diamet;metal paint;specif surfac;aluminium pigment;aluminium flake;area surfac;
PP113042;
D0420338;
D0422949;
D0421497;
D0420330;
D0420332;
D0420333;
D0420334;
D0420335;
D0420337;
D0421367;
D0420451;
D0421491;
D0419942;
D0425057;
D0419940;
RE368873;
D0419947;
D0425727;
D0418520;
D0421369;
D0418833;
D0421498;
RE368172;
D0418834;
D0421499;
D0418835;
D0423739;
D0423738;
D0418836;
D0423731;
D0423730;
D0418837;
D0423735;
D0423734;
D0423736;
D0427029;
D0423226;
D0423222;
D0427021;
D0427020;
D0427023;
D0427022;
D0427025;
D0427024;
D0423229;
D0423228;
PP112399;`rosella` new plant;`rosella` new plant varieti;chrysanthemum pink produc varieti;chrysanthemum pink produc;chrysanthemum flower pink produc;
PP116556;
D0418658;
D0418308;
D0423130;
D0423135;
D0423642;
D0423139;
D0418653;
D0418306;
D0423648;
D0422178;
D0418656;
PP112984;`roadrunner` new plant varieti;bicolor flower red;`roadrunner` new plant;
D0422170;
D0422171;
D0422172;
D0422173;
D0422174;
D0422175;
D0422176;
D0422177;
D0425779;
D0425778;
D0425777;
D0425775;
D0425773;
D0425772;
D0425771;
D0425770;
D0424821;
D0424823;
D0424824;
D0421677;
D0424826;
D0424827;
D0424828;
D0424829;
D0421679;
D0421852;
D0421853;
D0421850;
D0421851;
RE368407;
D0426080;
D0426082;
D0426083;
D0426085;
D0426086;
D0426087;
RE367540;
D0419509;
D0419508;
D0419858;
D0419855;
D0419854;
D0419857;
D0419856;
D0419851;
D0419850;
D0419505;
D0419852;
RE365947;
D0425199;
RE368776;
D0425191;
D0425190;
D0425196;
D0425195;
D0425194;
PP011376;heuchera hybrid;
D0419626;
D0419624;
D0420103;
D0420102;
D0420100;
D0420107;
D0420104;
D0419330;
D0420108;
PP115142;flower lavender-pink non-fad;`poulody`.. miniatur new pot;abund flower lavender-pink non-fad;abund lavender-pink non-fad;`poulody`.. miniatur new;
D0419623;
D0419332;
RE366943;
RE366765;
PP114545;
PP111716;`pansomro` new;
PP112259;
PP116947;
D0426649;
D0426642;
D0426640;
D0426641;
D0426646;
D0426644;
D0426645;
D0423032;
D0423030;
D0423031;
D0423036;
D0423037;
D0423038;
D0423039;
D0422615;
D0422342;
D0422340;
D0422611;
D0422346;
D0422349;
D0422348;
D0422619;
D0422618;
D0426507;
D0426506;
D0426501;
RE369470;
D0426503;
D0426502;
D0426509;
PP113255;
RE367222;
D0423696;
D0423697;
D0423695;
D0423692;
D0423693;
D0425694;
D0425695;
D0425696;
D0425697;
D0425342;
D0425343;
D0425341;
D0425698;
D0425348;
D0425349;
D0423966;
D0423960;
D0423968;
D0420880;
D0425528;
D0420881;
RE367486;
D0420730;
D0425521;
D0425527;
D0425524;
D0420732;
D0421603;
D0421602;
D0421997;
D0421996;
D0421995;
D0420360;
D0421990;
D0424892;
D0421607;
D0424894;
D0421605;
D0421197;
D0421195;
D0421194;
PP112534;
D0421192;
D0421191;
D0421190;
D0421199;
D0420828;
D0420829;
D0420824;
D0420825;
D0420820;
D0420821;
D0420823;
PP011586;
D0421339;
D0421338;
D0424129;
D0424128;
D0421333;
D0424124;
D0421447;
D0421330;
D0424121;
D0421336;
D0421335;
D0421442;
D0422970;
D0422971;
D0422973;
D0422976;
D0422977;
D0422978;
D0422979;
RE365882;
D0426875;
D0426871;
D0426870;
D0426873;
D0426878;
D0423351;
D0423826;
D0425583;
RE365084;
PP115088;bear fruit varieti;overal overcolor red;bear fruit tree varieti;appl mid-season tree;appl bear tree varieti;`kanki` appl mid-season tree;bright overcolor red;bear tree varieti;`kanki` appl mid-season;color ground yellow;bright overal overcolor red;
D0423354;
PP113069;
PP114286;
RE036939;
D0421936;
D0420317;
D0420314;
D0420315;
D0420312;
D0420310;
PP115886;`mari;daisy-typ yellow;`mari time`;chrysanthemum larg produc varieti;yellow-green;have yellow-green;
RE366048;
D0421932;
RE365629;
RE368156;
D0424090;
D0426689;
D0423759;
D0423205;
D0423756;
D0423207;
D0423206;
D0423753;
D0423200;
D0423751;
D0423202;
D0427049;
D0427048;
D0427047;
D0427044;
D0427042;
D0427041;
D0427040;
PP114758;
PP114022;
PP117226;
D0419804;
PP116289;red semi-doubl strong;attract semi-doubl singl strong;semi-doubl singl strong;dens globos upright;red semi-doubl singl strong;`red azalea femal slippers`;attract semi-doubl singl;dens develop globos upright;`red azalea femal;`red azalea slippers`;
D0419803;
D0424468;
D0424469;
D0422802;
D0424461;
D0424462;
D0419801;
D0419479;
D0422400;
D0422401;
D0422402;
D0422405;
D0422158;
D0422407;
D0422157;
D0422154;
D0422152;
D0422153;
D0422150;
D0426312;
D0426317;
D0426319;
D0425757;
D0425756;
D0425751;
D0425750;
D0425759;
D0425758;
D0424806;
D0424807;
D0421837;
D0424802;
D0424803;
D0424800;
D0424801;
RE367567;consist glass-fib symmetrically-needl;continu filament needl;consist materi symmetrically-needl;
PP115576;
D0419521;
D0419523;
D0419525;
D0419524;
D0419529;
D0419528;
RE368717;
PP113832;
D0419078;
D0424111;
D0420128;
D0420121;
D0420120;
D0420124;
D0420127;
PP116505;
RE365432;
D0426753;
RE370037;cancer compris mammal;cancer growth pharmaceut;cancer composit growth pharmaceut;cancer;growth tumor;cancer composit pharmaceut;composit pharmaceut;
RE369144;
D0424149;
D0424148;
D0424253;
D0424250;
D0424257;
D0424256;
D0424254;
D0424259;
D0424143;
D0421422;
D0424141;
D0424140;
D0421427;
D0421426;
D0424789;
D0424788;
D0421425;
D0424780;
D0424783;
D0424785;
PP113239;`parakeet` new plant varieti;`parakeet` new plant;
PP115762;
D0422368;
RE365246;
D0422365;
D0422364;
D0422367;
D0425328;
D0425324;
D0425325;
D0425327;
D0425320;
RE368962;
D0425322;
D0425323;
D0423418;
PP113646;distinct form omphalod plant;`parisian new skies`;
D0423943;
D0423412;
D0423413;
D0423946;
D0423947;
D0423944;
D0423945;
D0422099;
D0422097;
D0422096;
D0422095;
D0422094;
D0422093;
D0422090;
PP116076;
D0420802;
D0420803;
D0426129;
D0420801;
D0420807;
D0420804;
D0420805;
D0426123;
D0426122;
D0426120;
D0426127;
D0426126;
D0426125;
D0426124;
D0422308;
D0421311;
D0419959;
D0421313;
D0421312;
D0421315;
D0421314;
D0421317;
D0421316;
D0421319;
D0419951;
RE369772;
D0419954;
D0419955;
D0419957;
D0422956;
D0422957;
D0422954;
D0422955;
D0422952;
D0422953;
D0422951;
D0419699;
D0422959;
D0425650;
PP011653;
D0425652;
RE368946;
D0425657;
D0420375;
D0420376;
D0420377;
D0420370;
D0420371;
D0420372;
D0420373;
D0420378;
D0420379;
D0418988;
D0418989;
RE365602;
D0418580;
D0418581;
D0418582;
D0418583;
D0418588;
D0418589;
RE364800;compris first portion switch;electrod float v.sub.f voltag;compris first power switch;compris first portion;float refer voltag;electrod v.sub.f voltag;float v.sub.f voltag;control power switch;compris power switch;compris first switch;float refer v.sub.f voltag;
RE036956;
RE036777;
D0418728;
D0418729;
D0423777;
D0423776;
D0423771;
D0423770;
D0423773;
D0418720;
D0418721;
D0418723;
D0423779;
D0418725;
D0418726;
D0423518;
D0427065;
D0427064;
D0427067;
D0427060;
D0427063;
D0427062;
D0427069;
PP116513;
PP114006;`suntick` hybrid tea;
D0424449;
D0424444;
D0424445;
D0424443;
D0424440;
D0424441;
D0422134;
D0422135;
D0422424;
D0422137;
D0422422;
D0422131;
D0422421;
D0422138;
D0422139;
D0422428;
D0422429;
D0426336;
D0426337;
D0426334;
D0426330;
D0426339;
D0419723;
D0419090;
D0419093;
D0419092;
D0419095;
D0419726;
D0419097;
D0419096;
D0419098;
D0419729;
D0419547;
D0419546;
D0419545;
D0419544;
D0419543;
D0419542;
D0419541;
D0419548;
PP011331;
D0421818;
D0421819;
D0424868;
D0424869;
D0421812;
D0424865;
D0421811;
D0421816;
D0421817;
D0424862;
D0424863;
D0420148;
D0420147;
D0421694;
D0420145;
D0420142;
RE366234;
D0419899;
D0419898;
D0419891;
D0419890;
D0419892;
D0419895;
D0419894;
D0419897;
D0421768;
D0421762;
D0421765;
D0421766;
D0421767;
D0426930;
D0426931;
D0426933;
D0426934;
D0426935;
D0426936;
D0426937;
D0426938;
D0426939;
RE370010;
RE365459;
RE369128;
D0424278;
D0426684;
D0426685;
D0426682;
D0426683;
D0426680;
D0426681;
D0424271;
D0424270;
D0424273;
D0424272;
D0424275;
D0424276;
D0418913;
D0418911;
D0418910;
D0418916;
D0418915;
D0418914;
D0418919;
D0418918;
D0422901;
PP115746;
D0421528;
D0421529;
D0425909;
D0421527;
D0425900;
D0422306;
D0422305;
D0422304;
D0425906;
D0425907;
D0425302;
D0425303;
D0425300;
D0425653;
D0425654;
D0425656;
D0425305;
D0425659;
D0425309;
D0423436;
D0423435;
D0423432;
D0423433;
D0423430;
D0421158;
PP116890;flower lilac;
PP114839;
D0419392;
D0419393;
D0419390;
D0419391;
D0419396;
D0419397;
D0419394;
D0419395;
D0419399;
D0422396;
PP116092;
D0422391;
D0422641;
D0421152;
D0421151;
D0421150;
D0421157;
D0421155;
D0421159;
PP112577;climb miniatur new;
D0426101;
D0426100;
D0426103;
D0426102;
D0426105;
D0426104;
D0426109;
RE367915;
D0421489;
D0421481;
D0421480;
D0421483;
D0421485;
RE366390;
D0421486;
D0421377;
D0421373;
D0421372;
D0419979;
D0422934;
D0422936;
D0422937;
D0422930;
D0422931;
D0421379;
D0421378;
D0422826;
RE367621;
D0424870;
D0420684;
D0420686;
D0420687;
D0420682;
D0420683;
D0420689;
D0422241;
PP113026;
D0420428;
D0420429;
D0420358;
D0420359;
D0421487;
D0420352;
D0420353;
D0420422;
D0420351;
D0420424;
D0420357;
D0420354;
D0420355;
D0422938;
D0422939;
D0421370;
RE365661;
D0425736;
D0419975;
D0425734;
RE368199;
RE036973;
D0418531;
D0422933;
D0418709;
D0418706;
D0418707;
D0418824;
D0418702;
D0418703;
D0418700;
D0418701;
PP112372;
D0426749;
D0426748;
D0426741;
D0426740;
D0426747;
D0426746;
D0426745;
D0426744;
PP114790;
PP112089;
RE366242;
D0423102;
D0423103;
D0424424;
D0424425;
D0424427;
D0424421;
D0424428;
D0424429;
D0422449;
D0422112;
D0422445;
D0422110;
D0422447;
D0422117;
D0422442;
D0422115;
D0426359;
D0426354;
D0426357;
D0426352;
PP112062;
PP115533;
PP113565;
D0425461;
D0425466;
PP011314;`galleri art nouveau`;pink/purpl plant produc;dahlia pink/purpl plant produc;art compact nouveau`;`galleri art compact nouveau`;compact grow nouveau`;compact nouveau`;art compact grow nouveau`;
D0419708;
D0424840;
D0424844;
D0419701;
D0419700;
D0424848;
D0424849;
D0419705;
D0420164;
D0420162;
D0420169;
RE366706;
RE366250;
D0419569;
D0419568;
D0419567;
D0419566;
D0419561;
D0419560;
D0419563;
RE036567;
D0421747;
D0421744;
D0421740;
D0421741;
D0426916;
D0426917;
D0426914;
D0426915;
D0426912;
D0426913;
D0426910;
D0426911;
RE036696;
RE366870;
D0426919;
RE369101;
D0424219;
D0424218;
D0424217;
D0424214;
D0424212;
D0424211;
D0418939;
D0418930;
D0418932;
PP113492;cultivar distinct portulaca;plant toler weather;bi-color decumb flower;`eulalie` cultivar distinct portulaca;except plant toler weather;bi-color decumb flower white;except toler weather;cultivar plant portulaca;cultivar distinct plant portulaca;`eulalie` cultivar distinct;
D0423630;
D0423631;
D0423632;
D0423633;
D0423634;
D0423188;
D0423637;
D0423186;
D0423187;
D0423184;
D0423185;
D0423183;
D0423180;
D0423181;
D0422325;
D0422324;
D0422327;
D0422326;
D0422321;
D0422320;
D0422323;
D0422322;
D0425924;
D0425925;
D0422329;
D0422328;
D0425921;
D0425672;
D0425670;
D0425678;
D0423454;
D0423987;
D0423984;
D0423982;
D0423983;
D0423452;
D0423453;
D0423458;
D0423988;
D0423989;
D0424155;
PP112143;
D0420423;
D0420425;
D0420895;
PP116300;
D0420427;
D0420897;
D0424156;
D0420890;
D0420721;
D0424157;
D0422583;
D0422582;
D0422585;
D0422587;
D0422586;
D0422588;
D0421178;
D0421173;
D0421172;
D0421174;
D0421176;
D0424987;
D0424983;
D0424982;
D0424981;
D0424988;
D0426166;
D0426165;
D0426164;
D0426163;
D0426162;
D0426161;
D0425584;
D0425586;
D0425580;
D0425581;
D0425582;
D0426168;
D0423108;
D0421359;
D0424189;
D0421355;
D0424184;
D0424183;
D0421350;
D0424180;
D0419914;
D0419915;
D0419916;
D0422911;
D0422916;
D0422915;
D0422919;
D0419918;
PP113794;hybrid tiarella;
RE366587;
PP115029;
RE365394;
D0420408;
D0420407;
D0420404;
D0420405;
D0420402;
D0420401;
RE366110;
PP011698;attract deep orang;habit spread tree;attract color deep orang;attract deep;color orang;color deep orang;
D0418540;
D0418541;
D0418542;
D0418543;
D0418544;
D0418545;
D0418898;
D0418899;
D0418896;
D0418897;
D0418894;
RE365130;
D0418893;
D0418890;
D0418891;
RE036732;
D0418764;
D0418765;
D0418766;
D0418767;
D0418760;
D0418761;
D0418763;
D0418768;
D0418769;
PP112313;early-appear larg novelti;early-appear larg vivid;early-appear pink vivid;early-appear larg novelti vivid;plant varieti verbena;early-appear flower pink vivid;early-appear larg pink vivid;flower pink vivid;
D0426763;
D0426762;
D0426769;
D0419812;
D0419195;
RE369934;
D0419196;
D0424408;
D0424402;
D0424400;
D0424401;
D0424404;
D0424405;
D0422460;
D0422466;
D0422467;
D0422465;
D0422469;
D0426372;
D0426370;
D0426376;
D0422763;
D0426375;
D0426378;
D0426379;
RE367095;
D0423848;
D0423842;
D0423844;
D0418705;
PP112720;
D0425440;
D0425110;
D0425116;
D0425447;
D0425114;
D0425449;
D0425448;
D0425118;
PP113891;
D0419769;
D0419768;
D0419766;
D0419765;
D0419763;
RE369837;form hydrocarbon-in-wat reduc viscos;hydrocarbon-in-wat reduc viscos;form reduc viscos;bioemulsifier-stabil hydrocarbon-in-wat particular;form hydrocarbon viscou;form hydrocarbon reduc;form hydrocarbon reduc viscou;form hydrocarbon reduc viscos;emuls hydrocarbon-in-wat viscos;emuls hydrocarbon-in-wat reduc viscos;
PP011197;
RE366277;
PP112941;chrysanthemum plant type;ckt` garden type;have ray white;`cleagar ckt` garden;chrysanthemum ckt` garden type;chrysanthemum garden plant type;chrysanthemum garden type;`cleagar ckt` garden type;flower have ray white;daisy-typ flower have white;floret have ray white;`cleagar ckt`;
D0419580;
D0419587;
D0419586;
D0419585;
D0419584;
RE036505;program spare;key new program;secur system;sever step;lock program;
D0423075;
D0421724;
D0421725;
D0421720;
D0421721;
D0421722;
D0421728;
D0421729;
D0426974;
RE370053;
D0426970;
D0426971;
D0426972;
PP111791;
D0424235;
D0424234;
D0424237;
D0424236;
D0424230;
D0424233;
D0424232;
D0424238;
D0421418;
D0418957;
D0418956;
D0418953;
D0418952;
H0001919;
H0001915;
H0001916;audio identifi signatur;bomb projectil such;
H0001910;bodi compris main;compris equip main;compris equip handl;bodi main portion wheel;equip handl materi;bodi compris equip main;bodi portion wheel;compris equip handl main;assembl bodi portion wheel;compris equip handl materi;provid stabil suffici;assembl portion wheel;bodi main portion;
H0001913;
H0001912;
D0424175;
PP114456;
D0424172;
D0421413;
D0424170;
D0421411;
RE368253;
D0423133;
D0423616;
D0423617;
D0418379;
D0423615;
D0423613;
D0423610;
D0423611;
D0418373;
D0418372;
D0418371;
D0418370;
D0423618;
D0423619;
D0425944;
D0425940;
D0425941;
D0425942;
D0423478;
D0423479;
D0423472;
D0423473;
D0423474;
D0423475;
PP112127;
PP116793;
PP111805;`perlena` new verbena;`perlena` new plant verbena;larg pink silveri;new plant verbena;
D0426497;
D0426494;
D0426493;
D0426492;
D0426491;
D0426490;
D0425614;
D0425617;
D0425611;
D0426499;
D0426498;
PP114189;
D0421119;
D0421118;
D0421117;
D0421116;
D0421115;
D0421113;
D0421111;
D0422709;
D0422708;
D0422703;
D0422701;
D0422700;
D0422707;
D0422705;
D0422704;
D0426148;
RE367400;
D0426147;
D0426141;
D0426140;
D0426143;
D0419248;
D0419249;
D0419938;
D0419939;
D0419241;
D0419930;
D0419243;
D0419244;
D0419937;
D0419246;
D0419935;
RE368784;
RE365807;
D0425910;
RE367664;
D0425314;
D0425641;
D0420640;
D0420641;
D0420643;
D0420644;
D0420646;
D0420647;
D0420648;
D0420649;
D0425645;
D0425644;
D0418407;
PP011507;
D0422113;
D0420464;
D0420397;
D0420394;
D0420467;
D0420460;
D0420393;
D0420462;
D0420463;
D0422443;
D0420468;
D0420469;
D0420398;
D0422944;
D0418566;
D0418567;
D0418565;
D0418562;
RE365114;apparatu devic tray;devic ejector tray;apparatu ejector tray;electron equip respons;equip forc respons;apparatu devic ejector;electron equip forc respons;electron equip space;
D0418560;
D0418561;
D0418999;
D0418568;
RE365769;
PP114200;
RE036715;
PP115916;
D0419223;
D0426707;
D0426705;
D0419221;
D0426702;
D0426701;
D0424392;
D0419226;
D0424391;
D0424397;
D0426708;
RE369314;
D0420486;
D0420955;
D0420484;
RE036861;
D0420480;
D0423285;
D0418748;
D0423286;
D0423281;
D0423283;
D0418742;
D0418741;
D0418746;
D0423288;
D0418745;
PP113425;
PP116173;
PP113522;
D0423860;
D0423863;
D0423862;
D0423865;
D0423867;
D0423866;
D0423869;
D0423868;
D0425139;
RE367877;
D0425130;
D0425135;
D0425134;
D0425427;
D0425425;
D0425423;
D0425422;
D0425420;
D0425428;
D0419033;
D0419744;
D0419747;
D0419746;
D0419037;
D0419036;
D0419743;
D0419742;
D0419039;
D0419749;
D0421258;
D0421709;
RE036522;expand memori;memori plural;port statu;
D0421703;
D0421706;
D0421707;
D0421256;
D0421257;
D0422598;
D0426952;
D0426953;
D0426950;
D0426951;
D0426954;
D0426955;
PP011717;purpl ray;bloom septemb;`hermes` chrysanthemum;
D0418975;
D0418977;
D0420078;
D0418971;
D0420073;
D0420072;
D0420071;
D0420070;
D0420077;
D0418978;
D0420075;
D0420074;
D0420002;
D0418309;
RE365564;
D0420554;
RE368237;
RE364967;
D0424011;
D0423679;
D0421530;
D0423676;
D0423677;
D0421533;
D0423672;
D0423673;
D0421532;
D0418355;
D0418357;
D0418356;
D0424994;
D0425968;
D0425969;
D0421537;
D0425962;
D0425963;
D0425960;
D0425966;
D0424996;
D0425965;
D0424990;
D0424991;
D0423492;
D0424992;
D0418426;
PP112100;
D0425632;
D0425633;
D0424619;
D0424618;
D0425636;
D0425637;
D0425634;
D0424613;
D0424612;
D0425638;
D0424610;
D0424617;
D0424616;
D0424615;
D0424943;
D0421134;
D0419488;
D0419489;
D0424947;
D0424946;
D0421133;
D0424944;
D0419482;
D0419483;
D0419480;
D0419481;
D0421139;
D0419484;
D0419485;
D0422723;
D0422722;
D0422724;
D0422727;
D0422726;
D0422729;
RE367923;
D0426546;
RE367435;
D0419268;
D0419266;
D0419267;
D0419265;
D0419262;
D0419260;
D0419261;
RE365823;
D0419703;
D0425099;
D0425096;
D0425097;
D0425094;
D0425093;
D0425090;
D0425091;
D0420666;
D0420667;
D0420665;
D0420663;
D0420660;
D0420668;
PP011524;
RE366331;
D0421391;
D0421393;
D0421392;
D0421395;
D0421397;
D0421396;
D0420918;
D0420919;
D0420448;
D0420911;
D0420440;
D0420446;
D0420915;
D0420916;
D0420445;
RE368423;
D0421345;
PP116580;leaf varieg;indoor light;other varieg;hybrid other varieg;
PP112488;
D0423382;
RE366153;
D0423383;
H0001899;
D0419967;
H0001891;
H0001895;
H0001897;
RE364886;
PP115932;
D0426729;
D0426724;
D0426727;
D0426721;
D0426720;
D0426722;
D0424372;
D0424373;
D0424374;
D0424377;
D0424379;
RE369330;
D0418504;
D0418505;
D0418506;
D0418507;
D0418502;
RE036844;
PP116483;
PP115592;color flower salmon small;`fifi new salmon`;color flower salmon;
PP113506;larg light;leav tri-part;larg light orang;
D0423807;
D0423806;
D0423805;
D0423804;
D0423802;
D0423801;
D0423800;
D0423809;
D0425408;
D0425159;
D0425158;
D0425157;
D0425404;
D0425407;
D0425401;
D0425152;
D0425151;
D0425402;
D0421892;
D0421893;
D0421890;
D0421897;
D0421895;
D0419011;
D0419010;
PP112712;have larg novel plant;flower good petal;bi-color flower larg novel;count flower good petal;angular growth vigor;bi-color flower novel;count good petal;bi-color flower good;bi-color flower good novel;`korlette` hybrid tea;bi-color larg novel;bi-color flower good petal;bi-color have larg novel;have larg novel;
D0419012;
D0419014;
PP116157;
D0421098;
D0421099;
D0421092;
D0421093;
D0421090;
D0421091;
D0421097;
D0421095;
PP112674;
PP112909;dark red shine type;dark ray red shine;dark red solid;color dark red solid;color dark red;dark shine type;dark ray red;semi-doubl shine type;dark floret ray red;dark red shine;dark semi-doubl shine type;
RE369535;
D0426268;
D0426269;
D0426261;
D0426263;
D0426264;
D0426265;
D0426267;
D0421278;
D0421279;
D0421277;
D0421275;
D0421272;
D0421273;
D0421270;
D0421271;
RE369659;
D0420051;
D0420057;
D0420056;
D0420058;
PP113298;firm fruit larg;`tethis` new strawberri;firm fruit;larg provid;new plant strawberri;
RE368210;
D0423652;
D0423121;
D0423650;
D0423123;
D0423124;
D0423125;
D0423126;
D0423655;
D0423128;
D0423658;
D0423659;
D0418337;
D0418336;
D0418335;
D0418333;
D0418331;
D0418339;
D0425980;
D0425982;
D0425983;
D0425984;
D0425639;
PP114146;
D0420860;
D0420861;
D0420433;
D0420344;
D0420864;
D0420865;
D0420437;
D0420867;
D0420340;
D0424589;
D0424588;
D0424581;
D0424580;
D0424587;
D0424586;
D0424585;
D0424584;
D0422290;
D0422521;
D0422292;
D0422527;
D0422526;
D0422297;
D0422296;
D0422299;
D0422298;
D0422529;
D0422528;
RE368024;
D0426453;
D0426452;
D0426450;
D0426456;
D0426455;
D0426454;
D0424631;
D0424630;
D0424632;
D0424635;
D0424634;
D0424637;
D0424638;
D0419461;
D0419462;
D0419464;
D0419467;
D0419468;
D0419469;
RE367990;
D0426189;
D0426188;
D0422744;
D0422743;
D0422742;
D0422741;
D0422740;
D0426181;
D0426180;
D0426183;
D0426185;
D0426184;
D0426187;
D0426186;
RE367338;angular posit theoret;angular limit posit;action brake;circuit limit posit;angular circuit limit posit;gener greater rotor speed;energi mechan sourc;angular limit posit theoret;limit posit;less speed;gener rotor speed;gener greater speed;
D0419204;
D0419205;
D0419206;
D0419207;
D0419200;
D0419201;
D0419202;
D0419203;
D0419208;
D0419209;
D0424963;
D0424965;
D0424964;
D0424967;
D0424966;
D0420608;
D0420609;
D0420605;
D0420606;
D0420607;
D0420600;
D0420602;
PP115045;
D0425219;
D0425210;
D0425212;
D0425213;
D0425214;
D0425215;
D0425216;
D0425217;
D0418901;
D0420938;
D0420939;
D0420937;
D0420934;
D0420935;
D0420933;
D0422114;
D0419645;
D0419311;
D0419316;
D0419641;
D0419314;
D0424039;
D0421518;
D0424033;
D0424032;
D0421511;
D0421510;
D0424037;
D0421516;
D0421515;
D0424034;
RE365378;
D0424356;
D0424357;
D0424352;
D0424353;
D0424350;
D0424351;
D0419866;
D0424358;
D0418832;
D0418521;
D0418526;
D0418527;
D0418524;
D0418525;
D0418838;
D0418839;
D0419861;
D0419187;
D0422791;
D0422825;
D0419185;
D0422794;
RE365912;
D0422796;
D0422797;
D0418786;
D0418785;
D0418782;
D0418783;
D0418780;
D0418788;
D0418789;
PP113468;plant produc purple/violet varieti;`karma dahlia lagoon`;`karma dahlia lagoon` plant;dahlia lagoon` plant varieti;produc purple/violet varieti;
D0423359;
D0423358;
D0423829;
D0423827;
D0423350;
D0423356;
D0423355;
D0423822;
D0422193;
D0422191;
D0422197;
D0422194;
D0422195;
D0422198;
D0422199;
D0425177;
D0425176;
D0425171;
D0425172;
D0425178;
D0419079;
PP112739;flower have long vase;`korenon` floribunda;have long vase;few have plant thorn;few have plant;flower have long;good product unusu;few have thorn;pink product unusu;have life long vase;good pink product unusu;
D0419077;
D0419076;
D0419071;
D0421070;
D0421071;
D0421073;
D0421074;
D0421076;
D0421078;
RE367788;glove health-car health-car;elast rubber-lik thin;elast rubber-lik;glove glove health-car health-car;enabl member thumb;elast materi rubber-lik thin;elast materi rubber-lik;glove glove health-car;have member thumb;
D0426248;
RE367834;
D0426247;
D0426244;
D0426242;
D0426243;
D0426240;
D0426241;
PP011281;cultivar dendrobium hybrid plant;durabl flower white;cultivar durabl have plant;durabl have plant;durabl have plant white;durabl flower have white;cultivar have hybrid plant;cultivar have plant;cultivar hybrid plant;cultivar dendrobium hybrid;durabl have white;bloom plant vigor;
D0421214;
D0421216;
D0421217;
D0421212;
D0421213;
D0419693;
D0419691;
D0419690;
D0421218;
D0419696;
RE367168;
D0426775;
RE369187;
D0422230;
D0424161;
D0424160;
D0420037;
D0420036;
D0420035;
D0420033;
D0420032;
D0420031;
D0420030;
D0420039;
D0425416;
D0423106;
D0423107;
D0418648;
D0418319;
D0418318;
D0423100;
D0423101;
D0418315;
D0418642;
D0418317;
D0418640;
D0418647;
D0418646;
D0418645;
D0426888;
D0426880;
D0426884;
D0426885;
D0426886;
D0426887;
PP114162;
PP117129;
D0423638;
D0422509;
D0421910;
D0422505;
D0422504;
D0422507;
D0422506;
D0426479;
D0426478;
D0426471;
D0426472;
D0426474;
D0426477;
D0426476;
D0419452;
D0424655;
D0424654;
D0424653;
D0424652;
D0424651;
D0424659;
D0419446;
D0419447;
D0419444;
D0419445;
D0422769;
D0422768;
D0419440;
D0419193;
D0422765;
D0422764;
D0422767;
D0422766;
D0422760;
D0419448;
D0421232;
D0421941;
D0421230;
D0421945;
PP113719;cultivar new shrub varieti;cultivar shrub varieti;broad bushi have;broad bushi have plant;broad have plant;broad bushi growth have;cultivar new varieti;broad bushi growth;
D0425923;
D0424908;
D0424907;
D0424906;
D0424905;
D0424904;
D0424903;
D0424902;
D0420621;
D0420626;
D0420627;
D0420624;
D0420628;
D0420629;
D0425238;
D0425239;
D0425237;
D0425234;
D0425235;
D0425232;
D0425233;
RE366374;
D0422457;
D0419228;
D0419229;
D0419998;
D0419999;
D0419222;
D0419995;
D0419996;
D0419997;
D0419990;
D0419227;
D0419225;
D0420954;
D0420487;
D0420956;
D0420950;
D0420952;
D0420958;
D0420959;
D0420488;
D0420489;
D0422103;
D0422450;
D0421689;
D0421688;
D0423455;
D0421683;
D0421682;
D0421680;
D0421685;
D0423451;
D0423980;
RE366994;
D0421531;
D0424010;
D0424013;
D0424012;
D0421535;
D0421534;
D0424017;
D0424016;
D0424019;
D0422884;
D0422886;
D0422887;
D0422880;
RE365319;
D0422883;
D0422888;
D0424338;
D0424339;
D0419986;
D0424334;
D0424335;
D0424330;
D0424331;
D0424332;
D0424333;
D0419984;
D0418816;
D0418817;
D0418814;
D0418813;
D0418811;
D0419980;
D0418818;
PP114596;dioica distinct silen;center cream-color jade-green unusu;center jade-green unusu;dioica distinct plant silen;center cream-color jade-green;`jade new valley`;
D0424482;
D0424480;
D0424481;
D0424486;
D0424487;
D0424485;
D0419259;
PP115975;
RE368393;
PP115622;
PP114626;
D0423599;
PP113484;
D0423595;
D0423594;
D0423597;
D0423596;
D0423591;
D0423590;
D0423593;
D0425829;
D0425828;
D0425823;
D0425822;
D0425821;
D0425827;
D0425826;
D0425824;
D0423371;
D0423370;
D0423372;
D0423375;
D0423374;
D0423379;
PP114979;
D0419054;
D0419056;
D0419050;
D0419053;
D0419052;
D0419059;
D0419058;
D0421057;
D0421054;
D0421055;
D0421052;
D0421053;
D0421050;
D0421051;
PP112631;produc red varieti;`devsmooth` floribunda;
D0421059;
RE369578;
D0426226;
D0426227;
D0426220;
D0426221;
D0426222;
D0426223;
RE367818;
D0426228;
D0426229;
D0421948;
D0421949;
D0423194;
D0421940;
D0421233;
D0421942;
D0421943;
D0421944;
D0421237;
D0421234;
D0421235;
RE369616;
D0421526;
RE367109;
D0423856;
PP115363;
D0420549;
D0420019;
D0420018;
D0420015;
D0420542;
D0420016;
D0420011;
D0420010;
D0420013;
D0420012;
RE368563;
D0418489;
D0418488;
D0418485;
D0418487;
D0418486;
D0418481;
D0418483;
D0418482;
D0420543;
D0423069;
D0420540;
RE364908;
D0420546;
PP114367;
D0420545;
D0418661;
D0418660;
D0418662;
D0418665;
D0418667;
D0418669;
D0421547;
D0421541;
D0421543;
D0425459;
D0424069;
D0425456;
D0422896;
D0423168;
D0423169;
D0423164;
D0423165;
D0423166;
D0423167;
D0423160;
D0423162;
RE365327;
D0422567;
D0422566;
D0422564;
D0422563;
D0422561;
D0422560;
D0426418;
D0426417;
D0426416;
D0426414;
D0426413;
D0426411;
D0426410;
D0424678;
D0423712;
D0424675;
D0424674;
PP113344;axi horizont stem;bract flower red;bract dark flower red;dark flower red;
D0423243;
D0424672;
D0423710;
D0420497;
PP117102;
D0422781;
D0422780;
D0422786;
D0422785;
D0422784;
D0422789;
PP116270;
D0423788;
D0423780;
D0423781;
D0423782;
D0423783;
D0423784;
D0423787;
D0427098;
D0427099;
D0427090;
D0425588;
D0427093;
D0427096;
D0427097;
D0425031;
D0425032;
D0425033;
D0425034;
D0425788;
D0425789;
D0425786;
D0425039;
D0425784;
D0425785;
PP113735;
D0425781;
D0424924;
D0424927;
D0424926;
D0424921;
D0419429;
D0424922;
D0419424;
D0419425;
D0419427;
D0424929;
D0419421;
D0419423;
D0425255;
D0425250;
D0425251;
D0425253;
RE366420;
RE366358;
D0419884;
RE369381;
D0421351;
D0422912;
D0419910;
D0419883;
RE036794;polym;
D0425606;
D0424077;
D0424076;
D0421555;
D0421553;
D0421552;
D0421551;
D0424070;
D0424079;
D0424078;
RE365335;
D0420979;
D0420971;
D0420977;
D0420975;
D0426788;
D0426787;
D0426786;
D0426785;
D0426783;
D0426781;
D0426780;
D0424313;
D0424310;
D0424316;
D0424317;
D0424319;
D0421919;
D0418876;
D0418877;
D0418872;
D0418873;
PP115193;alternaria blotch rot;appl capabl reproduct tree;aphid appl wooli;appl capabl tree;rootstock size usabl;capabl reproduct tree;appl dwarf excel;
D0421918;
PP113131;raspberri uniqu;`kiwigold`;raspberri;color fruit yellow;plant raspberri yellow;`kiwigold` raspberri uniqu;`kiwigold` raspberri;color fruit well-form yellow;fruit well-form yellow;
D0420208;
D0420200;
D0420201;
D0420203;
D0420204;
PP115991;
PP114642;
D0418298;
D0418299;
D0423570;
D0423577;
D0423576;
D0423575;
D0423574;
D0418290;
D0418291;
D0418293;
D0418294;
D0418295;
D0418296;
D0418297;
D0425800;
D0424496;
RE368040;
D0425809;
D0425808;
D0423317;
D0423316;
D0423314;
D0423313;
D0423312;
D0423311;
D0423310;
D0423319;
D0423318;
PP112771;
PP116645;
D0421509;
D0421038;
D0421039;
D0421035;
D0421030;
D0421031;
D0421032;
PP112615;
D0422049;
RE369802;
D0422042;
D0422043;
RE369551;
D0422046;
D0422047;
D0426208;
D0426203;
D0426200;
D0426201;
D0426206;
D0426204;
D0421781;
D0421787;
D0421784;
D0421785;
D0421966;
D0421788;
D0421789;
D0421963;
D0421960;
D0421961;
PP115207;
PP113697;
D0425395;
D0420789;
D0420785;
D0420786;
D0420781;
D0420783;
D0420782;
PP113964;light pink-color;numer salmon semi-doubl;flower light pink-color upright;`bfp-1705` new;growth round;flower light pink-color;salmon semi-doubl;
PP011247;
D0420561;
D0420560;
D0420563;
D0420566;
D0420569;
RE368547;
D0418463;
D0418462;
D0418461;
D0418467;
D0418466;
D0418465;
D0418464;
D0418469;
D0418468;
PP114340;`dark new ozenda`;`dark new ozenda` varieti;chrysanthemum new ozenda` varieti;new ozenda` varieti;
D0418605;
D0418604;
D0418602;
D0418609;
D0418608;
D0420704;
PP116874;dark maroon-color zonat;numer pink-color semi-doubl;
D0420703;
D0423143;
D0423140;
D0423141;
D0423146;
D0423147;
D0423144;
D0423145;
D0421833;
D0423148;
D0423149;
D0422545;
D0422232;
D0422546;
D0422237;
D0422540;
D0422543;
D0422542;
D0421650;
D0422239;
D0422549;
D0422548;
D0426434;
D0426437;
D0426436;
D0426431;
D0426430;
D0426432;
D0421877;
D0426439;
D0426438;
D0424692;
D0424691;
D0424697;
D0424695;
D0424694;
D0424698;
D0423163;
RE367354;layer silicon thin;low resist self-align;amount implant limit prior;drain n+sourc remot;devic mo parasit;amount limit prior;arsen implant phosphor;arsen implant phosphor substrat;amount implant prior;implant phosphor substrat;
D0421970;
RE368830;desir posit rel;differ plural;flexibl member;differ plural shape;desir shape;desir posit;mean retain;locat varieti;desir retain shape;elong flexibl member;
D0425016;
D0425017;
D0425013;
D0425011;
D0425018;
D0425019;
D0419150;
D0419151;
D0419152;
D0419401;
D0419406;
D0419407;
D0419404;
D0419405;
D0419159;
D0419409;
D0425278;
D0425279;
D0425272;
D0425273;
D0425270;
D0425271;
D0425277;
D0425274;
D0425275;
RE366404;
D0418546;
D0418547;
RE367524;
D0419305;
D0419656;
D0424671;
D0424670;
D0421579;
D0424058;
D0424055;
D0421574;
D0424057;
D0424056;
D0421571;
D0424053;
D0424052;
D0422840;
D0422841;
D0422842;
D0422843;
D0422844;
D0422845;
D0422847;
D0422849;
D0420991;
D0420993;
D0420994;
D0420995;
D0420198;
D0422835;
D0418856;
D0419876;
D0420190;
D0420191;
D0418858;
D0418859;
D0422837;
D0420196;
D0422836;
D0419872;
PP113115;
D0420228;
D0420226;
D0420227;
D0420224;
D0420222;
D0420223;
D0420220;
D0419878;
D0423559;
D0423553;
D0423552;
D0423554;
D0423087;
D0423086;
D0423085;
D0423082;
D0423089;
D0423088;
RE368067;
D0425867;
D0425864;
D0425863;
D0425862;
D0425861;
D0425860;
D0425869;
D0425868;
D0423338;
D0423889;
D0423888;
D0423887;
D0423886;
D0423337;
D0423336;
D0423883;
D0423330;
D0423881;
D0423880;
PP114669;
PP114936;
D0422688;
D0422689;
D0422687;
D0422684;
D0422685;
D0426598;
D0426599;
D0419720;
D0426592;
D0426593;
D0426591;
D0426596;
D0426597;
D0426594;
D0426595;
D0424739;
D0424730;
D0424733;
D0424734;
D0424735;
D0424736;
D0421010;
D0421016;
D0421014;
D0421018;
D0425218;
D0422068;
D0422066;
D0422067;
D0422064;
D0422065;
D0422063;
RE367729;
D0425484;
D0425486;
D0425481;
D0425480;
D0425483;
D0425482;
D0425489;
D0425488;
PP112658;good hybrid;flower good hybrid;`jacolber` hybrid tea;flower good hybrid red;cut dark glossi green;good hybrid tea;cut dark green;
D0421905;
D0419369;
D0419368;
D0421901;
D0421902;
D0421903;
D0419363;
D0419361;
D0419360;
D0419367;
D0421909;
D0419724;
PP115223;
RE368997;elastom resin system thermoplast;film light reflect;elastom resin system;compon elastomer thermoplast;film light multilay reflect;light multilay reflect;thermoplast use;elastomer thermoplast;elastom resin;resin;elastom resin thermoplast use;elastom thermoplast use;elastom resin thermoplast;
PP112895;
D0420763;
D0420767;
D0420766;
D0420765;
D0420764;
D0420769;
D0420768;
PP115320;
PP011264;
RE366099;
RE365270;
PP115126;
D0421475;
D0421476;
D0420505;
D0420504;
D0420502;
D0424110;
D0420509;
RE368520;
RE366897;
RE366676;
RE365017;
D0425036;
D0424118;
D0425037;
D0421479;
D0425038;
RE368296;blade bridg portion power;electr plug plug;bridg ground pin;bridg ground;blade bridg power power;electr electr plug;bridg ground ground pin;bridg portion power;bridg ground portion;bridg ground pin portion;bridg electr electr plug;electr electr plug plug;bridg electr plug;blade bridg power;blade power power;ground ground pin;
D0425787;
D0424623;
PP115819;
D0423191;
D0418369;
D0423193;
D0418448;
D0418441;
RE369217;
D0418443;
D0418445;
D0418444;
D0418447;
D0418446;
D0423196;
D0423199;
D0419607;
RE036987;
D0418362;
D0424503;
D0424501;
D0424500;
D0424506;
D0424505;
D0424509;
D0424508;
D0418629;
D0418628;
D0418625;
D0418624;
D0418627;
D0418626;
D0418621;
D0418620;
D0424920;
D0426841;
D0419609;
PP113301;
D0419420;
D0422219;
D0422218;
D0421952;
D0422211;
D0422210;
D0422212;
D0422215;
D0422214;
D0421226;
RE368857;
D0425075;
D0425070;
D0425073;
D0421857;
D0421954;
D0419176;
D0419177;
D0419174;
D0419173;
D0419170;
D0419178;
D0425290;
D0425291;
D0425292;
D0425294;
D0425296;
D0425297;
D0425298;
D0425299;
RE366463;
D0419288;
D0419289;
D0419284;
D0419285;
RE369454;
D0421933;
D0419282;
D0425901;
D0423621;
PP112429;mutant;`korkleiva` have;`korkleiva` mutant;spontan;have novel;`korkleiva`;`korstoffein` miniatur;`korstoffein`;mutant spontan;be yellow-orang;be petal;plant spontan;
D0426018;
D0426012;
D0426010;
D0426016;
D0426377;
PP011457;
RE366285;
D0421593;
D0421592;
D0421591;
D0421590;
D0421596;
D0421594;
D0419822;
D0419823;
D0419824;
D0419826;
D0419827;
D0422867;
D0422864;
D0422865;
D0422862;
D0422863;
D0422861;
D0422869;
H0001836;integr telecommun wireless;integr system telecommun wireless;convent telecommun wireless;compon convent wireless;such system telecommun wireless;convent system telecommun wireless;such system system telecommun;compon convent distinct;compon convent distinct wireless;such system telecommun telecommun;compon convent telecommun wireless;
H0001837;
H0001834;
H0001835;
H0001832;
H0001833;
H0001831;
H0001838;
H0001839;addit prepar toner wax;addit particl toner wax;addit toner wax;prepar toner;addit prepar toner;addit wax;addit particl wax;supercrit;particl wax;
PP113174;`lilac mist` new;`lilac mist`;
D0420244;
D0420245;
D0420246;
D0420247;
D0420240;
D0421951;
D0420243;
D0420248;
D0423538;
D0423536;
D0423535;
D0423534;
D0423531;
D0425848;
D0425845;
D0425841;
D0425840;
D0425843;
D0425842;
RE036648;
PP111767;
PP113573;
PP112224;bicolor flower have;growth habit hybrid upright;revers upright vigor;habit hybrid tea;bicolor flower have plant;growth habit hybrid;flower habit hybrid tea;bicolor have plant;growth habit hybrid tea;`jachov` hybrid tea;growth revers upright vigor;habit hybrid;
PP116939;`christin matton` new;doubl flower salmon-pink;azalea cultivar distinct plant;azalea cultivar plant;dark green shini;dark foliag green shini;foliag green shini;
PP114685;
D0422660;
D0422662;
D0422665;
D0422667;
D0426570;
D0426572;
D0426574;
D0426575;
D0426577;
D0424718;
D0424719;
D0424714;
D0424715;
D0424712;
D0424713;
D0424710;
D0424711;
D0422007;
D0422001;
D0422002;
D0422003;
D0422008;
RE367702;
D0419613;
D0419340;
D0419611;
D0419342;
D0419617;
D0419344;
D0419347;
D0419614;
D0419348;
D0419619;
D0419618;
D0423709;
D0420749;
D0420748;
D0420740;
D0420743;
D0420742;
D0420745;
D0420747;
D0425669;
PP011202;
RE366072;
D0421298;
D0421922;
D0421295;
D0421926;
D0421291;
D0421292;
D0421925;
RE365254;
D0420529;
D0420525;
D0420527;
D0420526;
D0420523;
D0420522;
RE368504;
D0425665;
D0425664;
RE366617;
D0424159;
D0424150;
D0421431;
D0421432;
D0421433;
D0424154;
D0421435;
D0421436;
D0421437;
D0423018;
D0424292;
D0421557;
D0421556;
D0424075;
D0426802;
D0426803;
D0426804;
D0426805;
D0426806;
D0426808;
D0424073;
D0424072;
D0421550;
D0424299;
D0418428;
RE365033;
D0418424;
D0418423;
D0418421;
D0425444;
D0425115;
D0424529;
D0421559;
D0424522;
D0424524;
D0424527;
D0424526;
PP113093;
D0418395;
D0418394;
D0418397;
D0418390;
D0418392;
D0418398;
PP113328;
D0421815;
D0423231;
PP115495;
D0423278;
D0423279;
D0423270;
D0423271;
D0423274;
D0423276;
D0422279;
D0422272;
D0422271;
D0425052;
D0425722;
D0425723;
D0425724;
D0425725;
D0425054;
D0425055;
D0425058;
D0425059;
RE365351;
D0427033;
D0419118;
D0419119;
D0419114;
D0419115;
D0419117;
D0419110;
D0419111;
PP112054;
RE367419;
D0421870;
D0419428;
D0422493;
D0422492;
D0422491;
D0422490;
D0422497;
D0422495;
D0422494;
D0426389;
D0426388;
D0426383;
D0426382;
D0426381;
D0426380;
D0426386;
D0426385;
D0426384;
D0424891;
D0424890;
D0424893;
D0421600;
D0424895;
D0421606;
D0424897;
D0421604;
PP112445;
D0421609;
D0421608;
D0419906;
D0426032;
D0426034;
D0426038;
D0422900;
D0424098;
D0424091;
RE366919;
D0424092;
D0424095;
D0424094;
D0424097;
D0424096;
D0422808;
D0422809;
D0422804;
D0422806;
D0419805;
D0422801;
D0419800;
D0422803;
RE365939;anion deterg particl;dri fed zone;anion deterg product;compris past surfact;compris past water;cool layer zone;anion compris surfact;
H0001859;
H0001854;
H0001856;
H0001857;
H0001851;
H0001852;
PP113158;
D0420269;
D0420262;
D0420263;
D0420260;
D0420261;
D0420267;
D0420264;
D0420265;
RE368318;
D0423043;
D0423514;
D0423517;
D0423516;
D0423511;
D0423045;
D0418980;
D0418981;
D0423049;
D0418983;
D0418984;
D0418985;
RE365750;
PP114510;`dasfour` cultivar distinct;
RE036665;effect undesir;biolog improv;
PP111740;
PP112208;growth habit high;growth habit high vigor;
D0426639;
PP116912;flower growth larg;growth larg upright vigor;blend foliag resist rust;blend foliag resist;`jacnepal` hybrid tea;growth larg upright;foliag resist rust;flower growth larg upright;
D0426633;
D0426632;
D0426631;
D0426630;
D0426637;
D0426636;
D0426635;
D0426634;
D0422646;
D0422647;
D0422644;
D0422643;
D0422393;
D0422398;
D0422399;
D0422648;
D0426556;
D0426557;
D0426555;
D0426550;
D0426551;
D0426558;
D0424774;
D0424776;
D0424777;
D0424770;
D0424771;
D0424779;
D0422028;
D0422022;
D0422020;
D0422021;
RE369861;
D0422024;
D0422025;
RE367273;
D0419327;
D0419325;
D0419324;
D0419323;
D0419322;
D0419321;
D0419320;
D0419329;
D0419328;
PP115266;`ruivi` cultivar dahlia distinct;`ruivi` cultivar distinct;
PP113638;
D0419486;
D0425365;
D0420899;
D0420729;
D0420728;
D0420727;
D0420725;
D0420891;
D0420722;
D0420893;
D0420720;
D0422225;
D0425559;
D0425558;
D0425553;
D0425551;
D0425550;
D0425557;
D0425555;
D0425554;
PP113980;have plant sweet;creamy-whit flower open;fragranc have sweet;fragranc light pink sweet;fragranc have plant sweet;fragranc light pink;fragranc light sweet;fragranc have light sweet;
RE366056;peroxid peroxidas;activ;disinfect;
D0419639;
D0419638;
D0419630;
D0419632;
D0419634;
D0419637;
D0419636;
D0420094;
D0420097;
D0420091;
D0420093;
D0420092;
D0420099;
D0419864;
PP112852;
D0424178;
D0424179;
D0421416;
D0421417;
D0424174;
D0421415;
D0421412;
D0424173;
D0421410;
D0424171;
RE365238;
D0426824;
D0426825;
D0426822;
D0426820;
D0426828;
D0426829;
D0418404;
RE365580;
D0418401;
D0418400;
D0418409;
D0418408;
D0424549;
D0424548;
D0424547;
D0424546;
D0424545;
D0424542;
D0424541;
PP115851;
D0421861;
D0421644;
PP114723;
D0421643;
D0421865;
D0422221;
D0422550;
D0423702;
D0423705;
D0423707;
D0423256;
D0423257;
D0423254;
D0423255;
D0423252;
D0423250;
D0423251;
D0427011;
D0427015;
D0427016;
D0427017;
D0427018;
D0427019;
D0422255;
D0422256;
D0422251;
D0422252;
D0422258;
D0425706;
D0425704;
D0425705;
D0425702;
D0419132;
D0419133;
D0419136;
D0419138;
D0426074;
D0418881;
D0426076;
D0418880;
RE369411;
D0418554;
RE365106;
D0421628;
D0421621;
D0421622;
D0421625;
D0421627;
D0419798;
D0419799;
D0419796;
D0419797;
D0419795;
D0419793;
D0419790;
D0419791;
D0426057;
D0426056;
D0426053;
RE367044;
D0426051;
PP113352;
D0426059;
D0422822;
D0422823;
D0422820;
D0422821;
D0419860;
D0422827;
D0419863;
D0422828;
D0422829;
D0419868;
D0419869;
D0419843;
PP113840;`wekcryland` new;
D0419844;
H0001872;
H0001876;
H0001877;
H0001874;
H0001879;
D0420280;
D0420281;
D0420282;
D0420285;
D0420287;
D0420288;
D0420289;
RE368334;
RE365777;applic plant;cross-undul have;cross-undul have line;applic column plant;distribut ga;cross-undul have line type;cross-undul have type;air column distil;
D0425889;
D0425888;
D0425881;
D0425883;
D0425882;
D0425885;
D0425884;
D0425887;
D0425886;
PP111724;attract dark lavend ray;decorative-typ habit infloresc plant;cultivar distinct sophia`;attract dark diamet lavend;`bold cultivar distinct sophia`;decorative-typ habit infloresc;attract dark lavend;`bold distinct sophia`;attract dark diamet;chrysanthemum cultivar;chrysanthemum cultivar distinct sophia`;decorative-typ habit plant;
PP114537;
D0421664;
PP116971;
RE364797;
D0426612;
D0426615;
D0426614;
D0426617;
D0426616;
D0426619;
D0426618;
D0424284;
D0424285;
D0424286;
D0424287;
D0424280;
D0424281;
D0424283;
D0423061;
D0423060;
D0423065;
D0423064;
D0423067;
D0423066;
D0422624;
D0422627;
D0422620;
D0422622;
D0426538;
D0426534;
D0426536;
D0426537;
D0426531;
D0426532;
D0426533;
D0424758;
D0424752;
D0424750;
D0424751;
D0424756;
D0424757;
D0424755;
D0423399;
D0423398;
D0423396;
D0423393;
D0423392;
D0423391;
RE369888;
D0426283;
D0426281;
D0426286;
D0426285;
RE367214;
D0426288;
D0426289;
PP115282;
D0425399;
RE368938;
D0425394;
D0425397;
D0425396;
D0425391;
D0423939;
D0423938;
PP113611;
D0423931;
D0423937;
D0423936;
D0423935;
D0423934;
D0420873;
D0420872;
D0420871;
D0420706;
D0420701;
D0420700;
D0420875;
D0420874;
D0420879;
D0420878;
D0420709;
D0420708;
RE368687;
D0425573;
D0425572;
D0425575;
D0425574;
D0425576;
D0425579;
D0425578;
D0419309;
D0419308;
D0419659;
D0419657;
D0419304;
D0419307;
D0419654;
D0419301;
D0419300;
D0419651;
D0421467;
D0421464;
D0424103;
PP112879;
D0425023;
D0424101;
D0425021;
D0425026;
D0425025;
D0422041;
D0422995;
D0424114;
D0424115;
D0424116;
D0424117;
D0421470;
D0421471;
D0424113;
D0421478;
D0424119;
RE365211;
D0426848;
D0426849;
D0426844;
D0426846;
PP011605;
D0426842;
D0423614;
D0418378;
D0424565;
D0424567;
D0424566;
D0424561;
D0424560;
D0424563;
D0424562;
D0424568;
D0418689;
D0418687;
D0418685;
D0418684;
D0418683;
D0418682;
D0418680;
D0418374;
D0424418;
RE368105;
D0423726;
D0423235;
D0423236;
D0423237;
D0423230;
D0423723;
D0423239;
D0423728;
D0423729;
D0427036;
D0427037;
D0427034;
D0427035;
D0427032;
D0421968;
D0427030;
D0427031;
D0421969;
D0427038;
D0421965;
PP112011;
D0425242;
D0424040;
D0425768;
D0425769;
D0425764;
D0425765;
D0425767;
D0425763;
D0421869;
D0421649;
D0421647;
D0421645;
D0421860;
D0421867;
D0421866;
D0421641;
D0421864;
D0426079;
D0426078;
PP115541;
RE367532;
D0426073;
D0419518;
D0419519;
D0419842;
D0419511;
D0419512;
D0419513;
D0419514;
D0419516;
D0419845;
RE365971;
D0425188;
D0425181;
RE368741;
D0425185;
D0425186;
D0420110;
D0420111;
D0420112;
D0420115;
D0420116;
D0420117;
D0420118;
D0420119;
RE366951;
D0421346;
RE368350;
D0421347;
RE036598;
RE365793;
D0426981;
PP111708;
D0426982;
D0426986;
D0426988;
RE036620;
PP114553;`ac design fair` harrow;`ac design harrow;fruit good;
PP112240;
PP116955;
D0426677;
D0426676;
D0426675;
D0426674;
D0426672;
D0426671;
D0426670;
D0426679;
D0423009;
D0423007;
D0423006;
D0423005;
D0423003;
D0423002;
D0423000;
D0422350;
D0422600;
D0422601;
D0422354;
D0422607;
D0422604;
D0422357;
D0422358;
D0422359;
D0422608;
D0426513;
D0426510;
D0426517;
D0426514;
D0426515;
D0426518;
PP113263;`atlanta` cultivar distinct;earli florifer habit;earli florifer flower habit;branch florifer habit;earli florifer flower;cultivar distinct heliotrop;cultivar distinct heliotrop plant;`atlanta` cultivar distinct heliotrop;branch earli florifer habit;cultivar heliotrop plant;
PP116041;appl distinct tree varieti;appl domestica malu tree;limb mutat occur;domestica malu tree;dark fruit red;new varieti zealand;
D0425372;
D0425371;
D0425370;
D0425377;
D0425376;
D0425375;
RE368911;
D0425379;
PP113670;
D0423910;
D0423912;
D0423914;
D0423916;
D0423919;
RE367494;
D0425517;
D0425516;
D0425515;
D0425514;
D0425512;
D0425511;
D0425510;
D0421988;
D0421989;
RE366013;
RE366544;
D0421984;
D0421985;
D0421986;
D0421987;
D0419676;
D0419670;
D0419673;
D0419672;
D0419679;
D0425619;
D0421185;
D0421187;
D0421180;
D0421182;
D0421183;
D0421188;
D0420859;
D0425612;
D0420850;
D0420855;
D0420854;
D0420856;
D0421329;
D0421459;
D0421563;
D0424132;
D0421322;
D0421456;
D0421325;
D0421326;
D0421327;
D0422989;
D0422988;
RE369748;
D0422986;
D0422980;
RE365890;
D0420587;
D0420586;
D0420584;
D0420581;
D0426862;
D0426860;
D0426867;
D0426864;
D0426865;
D0426868;
D0426869;
D0425127;
D0425124;
D0425437;
D0425122;
D0425123;
D0425120;
RE036908;
PP113077;
D0422606;
D0422355;
D0420329;
D0420328;
D0420323;
D0425438;
D0422605;
D0420327;
D0420326;
D0420324;
PP115894;`bronz disco time`;chrysanthemum golden produc;`bronz disco new time`;golden orang produc;disco new time` varieti;chrysanthemum golden produc varieti;disco time`;disco new time`;chrysanthemum golden orang produc;golden orang;`bronz disco;
D0423732;
PP113387;
RE365637;
D0420960;
D0426144;
RE364851;
D0423219;
D0423749;
D0423212;
D0423211;
D0423740;
D0423217;
D0423742;
D0423215;
D0427058;
D0427054;
D0427057;
D0427051;
D0419752;
D0419750;
D0427027;
D0419024;
D0419026;
PP112038;
PP116726;
D0422161;
D0422160;
D0422164;
D0425742;
D0425743;
D0425740;
D0425741;
D0425744;
D0425745;
D0425748;
D0425749;
D0424833;
D0424832;
D0424831;
D0421666;
D0421661;
D0421660;
D0421663;
D0421846;
D0421849;
D0424839;
D0424838;
D0421669;
D0421668;
D0419245;
D0419934;
D0426092;
D0426090;
D0426096;
D0426095;
D0426094;
D0426098;
RE367001;
D0419537;
D0419533;
D0419530;
D0419531;
RE368768;
PP011362;foliag upright;numer white-color;flower white-color;
PP113808;heuchera hybrid;`eboni ivory` new;
D0420136;
D0420137;
D0420134;
D0420135;
D0420132;
D0420131;
D0420138;
PP115150;charact includ white;includ stigma white;japonica perenni varieti zoysia;charact combin includ white;charact combin includ;charact includ stigma white;perenni varieti zoysia;charact combin uniqu;charact combin;charact combin includ uniqu;japonica perenni zoysia;
RE366757;
RE366978;
RE365408;
RE368377;
RE369179;
D0426659;
D0426658;
D0426654;
D0426656;
D0426651;
D0426653;
D0424241;
D0424242;
D0424243;
D0424244;
D0424246;
D0424247;
D0424249;
D0423025;
D0423024;
D0423027;
D0423026;
D0423022;
D0423029;
D0423028;
D0422376;
D0422377;
D0422374;
D0422372;
D0422370;
D0422371;
D0422378;
D0422379;
D0424796;
D0424794;
D0424793;
D0424790;
D0424791;
D0424798;
D0424799;
PP117005;
PP115711;bushi growth;bud;bloom good;`fall festival` new;`fall festival`;festival`;distinct grow;festival` new;dens upright;blossom yellow-orang;bushi growth habit;basi continu;`fall;class miniatur;plant view;grow plant pot;greenhous;
D0423681;
D0423680;
D0423683;
D0423685;
D0423687;
D0423686;
D0423688;
D0421366;
D0425358;
D0425351;
RE368970;
D0425357;
D0425356;
D0425686;
D0425685;
D0425684;
PP113654;
D0425680;
D0425688;
D0423977;
D0423976;
D0423975;
D0423974;
D0423971;
D0423979;
D0423978;
D0422088;
D0422089;
D0422085;
D0422087;
D0422080;
D0422081;
D0422083;
RE367966;
D0425539;
D0425535;
D0425537;
D0425536;
D0425531;
D0425530;
D0425532;
RE366560;
PP111872;
PP116068;crest` new plant;`gold crest` new;`gold crest` new plant;crest` new plant varieti;
RE366692;
PP112836;
PP112526;
D0423096;
D0426138;
D0423097;
D0420839;
D0426130;
D0426131;
D0420835;
D0426134;
D0420832;
D0420831;
D0420830;
D0421307;
D0421305;
D0421302;
D0421303;
D0421300;
D0421301;
D0422962;
D0422960;
D0422965;
D0422969;
RE370045;
D0423548;
D0426965;
D0426964;
D0420466;
D0420395;
PP114294;
D0421673;
D0420391;
D0421676;
D0424825;
D0420303;
D0420302;
D0420305;
D0421674;
D0420309;
RE368490;.delta..epsilon./.epsilon..perp low valu;densiti high inform;owe suitabl;
D0421855;
RE365610;
RE368148;
RE364878;
RE036925;
D0423763;
D0423761;
D0423765;
D0423768;
D0423769;
D0427072;
D0427073;
D0427071;
D0427076;
D0427077;
D0427078;
D0427079;
PP116521;
D0423895;
PP114030;
D0423321;
PP117218;blush medium size;bright color orang;attract bright color orang;habit spread tree upright;blush medium pink-r size;attract bright orang;habit tree upright;spread tree upright;excel flavor sweet;blush medium pink-r;
D0423327;
D0423893;
PP116297;
D0424478;
D0424473;
D0424472;
D0424471;
D0424470;
D0424477;
D0424474;
D0422413;
D0422412;
D0422411;
D0422142;
D0422145;
D0422416;
D0422415;
D0422414;
D0422149;
D0422419;
D0422418;
D0418563;
D0426302;
D0426300;
D0426307;
D0426305;
D0426304;
D0426309;
D0419730;
D0421826;
D0419732;
D0421824;
D0419734;
D0419088;
D0419089;
D0419087;
D0419085;
D0419083;
D0419080;
D0421828;
D0419886;
D0419887;
D0419556;
D0419885;
D0419550;
D0419551;
D0419880;
D0419881;
D0419558;
D0419559;
D0419888;
D0419889;
D0418904;
PP011345;`spanish cross` new;hybrid tiarella;
RE368709;
D0424819;
D0424818;
D0424812;
D0419501;
D0424817;
D0424816;
D0419500;
D0420159;
D0418963;
D0419507;
D0420150;
D0420152;
D0419506;
PP115177;`wekplapic` new varieti;floribunda new varieti;flower have semi-doubl;decor have semi-doubl;decor flower have semi-doubl;decor garden have semi-doubl;`wekplapic` floribunda new varieti;flower ivori semi-doubl;flower have ivori semi-doubl;
D0419853;
PP112992;
D0420062;
D0420063;
D0421261;
PP114308;
RE036553;
RE370029;
RE369152;
RE365424;
D0424266;
D0424267;
D0424264;
D0424265;
D0424262;
D0424261;
D0424268;
D0418900;
D0418273;
D0418902;
D0418903;
D0418276;
D0418274;
D0418907;
D0418908;
D0418278;
D0418279;
PP113220;color fall;`sienna` novel;burgundi deep vibrant;
PP117021;
PP115770;
D0422318;
D0422315;
D0422317;
D0422311;
D0422312;
D0425339;
D0425338;
D0425334;
D0424398;
D0425331;
D0425330;
D0423409;
D0424399;
D0423959;
D0423958;
D0423955;
D0423402;
D0423401;
D0423400;
D0423951;
D0423950;
D0423953;
D0423952;
D0424393;
PP114820;larg well-form;habit long;flower well-form;growth upright;spici;`jacshaq` hybrid;growth habit upright;well-form;
D0421320;
PP111856;have plant red;cut-flow high product;flower have plant red;
D0424395;
RE366501;
D0424137;
PP116084;abund flower fragrant yellow;becom ivory-yellow;becom flower ivory-yellow yellow;flower fragrant yellow;abund fragrant yellow;becom flower yellow;`poulagun` floribunda new;becom flower fragrant yellow;becom flower ivory-yellow;
D0421141;
D0421142;
D0424005;
D0421144;
D0421145;
D0421147;
D0421148;
D0421149;
D0424002;
D0420816;
D0420811;
D0420812;
D0426116;
D0426117;
D0426114;
RE367907;
D0426112;
D0420818;
D0426110;
D0421364;
D0422948;
D0419949;
D0419948;
D0421361;
D0421490;
D0421363;
D0422941;
RE369705;
D0422943;
D0422942;
D0421368;
D0419946;
D0422947;
D0422946;
RE365858;
PP113751;
PP113034;`savanight` miniatur new;
D0420365;
D0420362;
D0420361;
D0419403;
D0419400;
D0420369;
D0420368;
PP011667;
D0418597;
D0418596;
D0418593;
D0418591;
D0418590;
D0418598;
RE036942;
RE364819;
D0418739;
D0418738;
D0421794;
D0418733;
D0418732;
D0418731;
D0418730;
D0418734;
D0421975;
PP112348;
D0421974;
D0426758;
D0426759;
D0426750;
D0426751;
D0426752;
D0421792;
D0426754;
D0426755;
D0426756;
D0426757;
D0418749;
D0423289;
D0424450;
D0424453;
D0424455;
D0424457;
D0424456;
D0424459;
D0424458;
D0422439;
D0422438;
D0422431;
D0422430;
D0422433;
D0422435;
D0422437;
D0422436;
D0422127;
D0426328;
D0422125;
D0422124;
D0422123;
D0422122;
D0426320;
D0426325;
D0426327;
D0422486;
D0419717;
D0419714;
D0419715;
D0419713;
D0419710;
D0419718;
PP115525;
PP111996;
D0425478;
D0425479;
D0425473;
D0425474;
D0425475;
D0425476;
PP011328;`endless love` new;
D0421809;
D0421808;
D0424879;
D0424878;
D0424877;
D0421804;
D0424875;
D0424873;
D0421800;
D0424871;
D0421802;
D0420172;
D0420173;
D0420170;
D0420171;
D0420174;
D0420175;
RE366714;
D0419579;
PP112976;daisi flower;
D0419572;
D0419574;
D0421779;
D0421778;
D0421773;
D0421770;
D0421777;
D0421776;
D0421775;
H0001924;
H0001926;
H0001920;
H0001921;
D0418727;
H0001928;
H0001929;
D0426923;
D0426921;
RE370002;
D0426926;
D0426925;
RE366862;
RE369136;
D0426699;
D0426698;
D0420320;
D0426691;
D0426690;
D0426693;
D0426695;
D0426697;
D0426696;
D0424209;
D0424204;
D0424205;
D0424206;
D0424200;
D0424201;
D0424203;
D0418926;
D0418927;
D0418923;
D0418921;
PP114464;
PP113204;
PP117048;delphinium present;
D0422332;
D0422333;
D0422330;
D0422331;
D0422336;
D0422337;
D0422334;
D0425913;
D0425911;
D0422339;
D0425915;
D0425914;
D0425642;
D0421652;
D0425640;
D0425647;
D0425646;
D0425313;
D0425312;
D0425648;
D0425319;
D0425318;
D0423421;
D0423420;
D0423423;
D0423422;
D0423424;
D0423427;
D0423426;
PP112151;
PP116319;70-100 percentag red;earli fruit ripen;percentag red;70-100 high percentag red;70-100 high percentag;
PP114804;
D0419385;
D0419386;
D0419380;
D0419383;
D0419382;
D0422596;
D0422597;
D0422594;
D0419389;
D0422593;
D0422590;
D0421166;
D0421164;
D0421165;
D0421162;
D0421163;
PP112569;`preveris` distinct;stem strong;
D0424993;
PP011474;chrysanthemum pot;anemone-typ;pot varieti;anemone-typ flower;flower suitabl;`toffe time`;`toffe;bronz larg;anemone-typ bronz;
D0425605;
D0421168;
D0421169;
D0425603;
D0426175;
D0426176;
D0426177;
D0426171;
D0426172;
D0424059;
D0426179;
D0421348;
D0424199;
D0424951;
D0421342;
D0421341;
D0424190;
D0424191;
D0421344;
D0424193;
D0419961;
D0421575;
D0419963;
D0419965;
D0422929;
D0422928;
D0419968;
D0422925;
D0422922;
D0422921;
D0422920;
D0424051;
D0424957;
RE367656;
D0421573;
D0421572;
D0420697;
D0420696;
D0420694;
D0420693;
D0420690;
D0420699;
D0420698;
RE365386;
D0422616;
D0420349;
D0420348;
D0420345;
D0420432;
D0420347;
D0420341;
D0420436;
D0420434;
RE368458;
D0423744;
PP011684;attract lavend pink ray;habit plant tall;decorative-typ flower infloresc;lavend pink ray;attract diamet lavend;attract lavend pink;`yolucy` cultivar distinct;decorative-typ flower infloresc late;`yolucy` chrysanthemum cultivar distinct;flower late;attract diamet lavend pink;decorative-typ flower late;
RE365653;
RE365122;
D0423743;
RE364835;
PP114251;
D0418711;
D0418710;
D0418713;
D0418714;
D0418716;
D0426778;
D0426777;
D0426774;
PP114782;
D0419031;
D0426770;
D0419030;
PP114073;
RE369926;
PP116785;
D0424437;
D0424436;
D0424435;
D0424433;
D0424431;
D0424430;
D0424439;
D0422109;
D0422108;
D0422459;
D0422458;
D0422105;
D0422456;
D0422455;
D0422106;
D0422453;
D0422100;
D0422451;
D0422102;
D0426347;
D0421382;
D0426345;
D0426344;
D0426340;
PP113417;
PP117250;
D0418853;
D0421389;
D0423858;
D0423859;
D0423850;
D0421496;
D0423857;
D0420195;
D0425101;
D0425102;
D0425104;
D0425458;
D0425107;
D0425108;
D0425457;
D0425454;
D0425455;
D0425452;
D0425450;
D0424855;
D0424854;
D0424856;
D0424851;
D0424850;
D0424853;
D0424852;
D0419775;
D0424859;
D0419771;
D0419772;
RE366269;
D0419590;
D0419591;
D0419593;
D0419594;
D0419595;
D0419596;
D0419597;
D0419598;
RE036519;
D0421751;
D0421750;
D0421753;
D0421754;
D0421757;
D0421756;
D0421759;
D0426901;
D0426903;
D0426905;
D0426904;
D0426907;
D0426906;
PP111783;
RE366846;
RE365467;
D0424226;
D0424225;
D0424228;
D0424229;
D0418948;
D0418944;
D0418945;
D0418946;
D0418947;
D0418940;
D0418941;
D0418943;
H0001908;agricultur construct larg;agricultur construct vehicl;control implement larg;agricultur construct larg vehicl;construct control larg;oper such;handl other;construct control implement larg;agricultur construct control larg;
H0001909;
H0001902;copolym have;asymmetr block radial;block copolym have radial;block copolym have;asymmetr polym radial;asymmetr block herein radial;block copolym radial;acryl arm monom;block copolym;asymmetr block copolym radial;and/or aromat hydrocarbon;aromat hydrocarbon;asymmetr herein radial;and/or aromat hydrocarbon vinyl;
H0001901;
H0001906;air inflat;transfer web;posit space;
H0001904;
H0001905;
PP114448;
D0423287;
D0420420;
RE368245;embryo have plant;electrolyt method produc;
D0423623;
D0423190;
D0420421;
D0423620;
D0423626;
D0423624;
D0418360;
D0423629;
D0423628;
D0418364;
D0418366;
D0418367;
D0421254;
D0425931;
D0425930;
D0425932;
D0425934;
D0425937;
D0425936;
D0425938;
D0423991;
D0423990;
D0423993;
D0423992;
D0423994;
D0423997;
D0423447;
D0423446;
D0423444;
D0423449;
RE369675;
D0425690;
PP111813;internod length minim;internod length minim seed;growth internod length short;cynodon dactylon new varieti;dactylon exhibit;exhibit growth prostrat;head product seed;new sport` super varieti;internod length minim short;growth prostrat short;`riley new sport` super;cynodon new sport` varieti;cynodon new varieti;internod length short;growth internod short;cynodon dactylon exhibit;dactylon exhibit prostrat;head length minim seed;cynodon dactylon exhibit varieti;`riley sport` super;length minim seed;new sport` super;head minim product seed;exhibit growth prostrat short;head minim seed;cynodon dactylon plant;cynodon dactylon exhibit prostrat;cynodon dactylon varieti;dactylon exhibit growth prostrat;new sport` varieti;growth internod prostrat short;
D0425693;
PP114863;
D0426484;
D0426485;
D0426486;
D0426487;
D0426481;
D0426482;
D0425661;
D0425663;
D0426488;
D0426489;
D0425666;
D0421109;
D0421104;
D0421107;
D0421100;
D0421101;
D0421102;
D0422718;
D0422711;
D0422712;
D0422713;
D0422715;
D0422716;
D0422717;
D0426158;
D0426153;
D0426151;
D0426157;
D0425599;
D0425598;
D0425597;
D0425596;
D0425594;
D0425593;
D0425590;
D0422905;
D0422904;
D0419905;
D0419904;
D0419903;
D0419902;
D0422903;
D0422902;
D0419909;
RE367672;
RE368881;
PP011510;
D0421840;
D0421667;
D0420411;
D0420410;
D0420413;
D0420412;
D0420415;
D0420414;
D0420417;
D0420416;
RE368474;
D0424836;
D0424835;
D0421662;
D0418638;
D0418639;
RE366102;
D0418553;
D0418552;
D0418551;
D0418882;
D0418885;
D0418556;
D0418887;
D0418886;
D0418889;
D0418888;
PP114278;
D0418637;
D0418635;
D0418775;
D0418774;
D0418773;
PP112305;`lauae iki` lauae;cultivar dwarf true;`lauae iki` lauae plant;
D0418778;
D0426714;
D0426715;
D0426717;
D0426710;
D0426711;
D0419900;
PP114057;
D0426719;
D0423334;
D0423884;
D0424419;
PP115568;
D0424414;
D0424416;
D0424411;
D0424410;
D0423292;
D0423291;
D0423296;
D0423297;
D0423295;
D0423298;
D0423299;
D0422475;
D0422474;
D0422476;
D0422471;
D0422470;
D0422473;
D0422472;
D0426365;
D0426364;
D0426360;
D0426362;
D0426368;
PP113433;begonia distinct varieti;form plant spread;begonia distinct plant varieti;`bazan` distinct varieti;begonia plant varieti;`bazan` begonia distinct varieti;
RE367087;
D0423878;
D0423877;
D0423874;
D0423870;
D0423871;
D0422876;
RE367885;
D0425434;
D0425435;
D0425436;
D0425125;
D0425430;
D0425431;
D0425432;
PP113883;
D0425439;
D0425128;
D0425129;
D0419020;
D0419021;
D0419022;
D0419751;
D0419756;
D0419025;
D0419754;
D0419755;
D0419029;
D0419758;
D0419759;
RE367559;produc product receptor tnf;encod express vector;product receptor tnf;encod factor-.alpha necrosi tumor;encod necrosi tumor;factor necrosi receptor;dna factor receptor;factor-.alpha necrosi tumor;dna factor necrosi receptor;dna encod necrosi tumor;dna encod tumor;encod tnf vector;produc receptor tnf;encod receptor tnf vector;encod express tnf vector;encod receptor tnf;
D0418976;
PP112682;
PP112933;
D0418979;
D0420076;
RE036536;
D0421737;
D0421736;
D0421735;
D0421734;
D0421733;
D0421732;
D0421731;
RE369683;
D0421738;
D0426969;
D0426968;
D0426967;
D0426966;
D0423040;
PP011720;
D0426962;
D0426961;
D0426960;
D0421193;
D0418962;
D0420069;
D0418960;
D0418961;
D0418966;
D0420061;
D0418968;
D0418969;
D0420064;
D0420066;
D0420067;
D0426739;
RE364975;
D0423609;
D0423608;
D0423603;
D0423602;
D0423607;
D0423606;
D0418346;
D0418347;
D0418345;
D0418340;
D0425956;
D0425955;
D0425953;
D0425952;
D0425959;
D0425958;
D0423468;
D0423465;
D0423467;
D0423466;
D0423460;
PP112119;
PP116351;
D0421449;
PP114847;have plant tall;petal revers yellow;coral foliag;flower upper;
D0421332;
D0421331;
D0421441;
D0424608;
D0418311;
D0424123;
D0425607;
D0424601;
D0424602;
D0425604;
D0424604;
D0424605;
D0425601;
D0425600;
D0421122;
D0421123;
D0421120;
D0421121;
D0424954;
D0424956;
D0421125;
D0424958;
D0422738;
D0422739;
D0422737;
D0422734;
D0422732;
D0422731;
D0418313;
D0420139;
D0421386;
D0421384;
D0419258;
D0419929;
D0419928;
D0421381;
D0419925;
D0419924;
D0419251;
D0419926;
D0419921;
D0419923;
D0419922;
RE365831;cranial cranial orthosi remodel;cranial orthosi remodel remodel;bone tempor;cranial orthosi orthosi remodel;ear-to-ear impart rigid;mastoid process region;bone region tempor;
RE367699;
D0420653;
D0420652;
D0420651;
D0420650;
D0420657;
D0420656;
D0420654;
D0420659;
D0420658;
D0420388;
RE365343;
D0420381;
D0420383;
D0420385;
D0420387;
D0420477;
D0420476;
D0420475;
D0420474;
D0420473;
D0420472;
D0420471;
D0420479;
D0420478;
D0419414;
RE366129;
D0419411;
RE365696;
RE365165;
D0419145;
D0419412;
D0421615;
RE036701;heart;coronari heart;coronari heart treatment;coronari diseas heart;coronari;
RE369098;
D0421904;
PP115924;
D0421906;
D0421907;
D0426733;
D0426730;
D0426731;
D0426737;
D0426734;
D0424389;
D0424388;
D0424385;
D0424387;
D0424386;
D0424381;
D0424380;
D0418579;
D0418578;
D0418570;
D0418574;
D0418577;
D0418576;
D0421908;
D0425262;
D0418759;
D0418758;
D0418755;
D0418754;
D0418757;
D0418756;
D0418751;
D0418750;
D0418753;
D0418752;
