1;1;2;1
1;1;18;1
1;1;147;1
1;1;166;6
1;1;196;1
1;1;198;1
1;1;278;1
1;1;520;1
1;1;598;1
1;1;669;1
1;1;769;2
3;3;39;1
3;3;169;1
3;3;184;1
3;3;210;1
3;3;249;1
3;3;292;1
3;3;480;1
3;3;725;1
4;4;18;1
4;4;36;1
4;4;245;1
4;4;255;1
4;4;306;1
4;4;307;2
4;4;669;1
4;4;698;1
4;4;747;1
6;6;83;1
6;6;320;1
6;6;682;1
6;6;696;1
6;6;804;2
7;7;123;1
7;7;147;3
7;7;187;1
7;7;287;1
7;7;392;1
7;7;403;4
7;7;449;1
7;7;528;1
7;7;631;1
7;7;661;2
7;7;670;2
7;7;681;1
7;7;750;1
7;7;771;5
7;7;772;1
7;147;287;1
7;147;661;1
7;147;681;1
8;8;121;3
8;8;133;13
8;8;313;1
8;8;441;1
8;8;451;11
8;8;453;1
8;133;441;1
8;133;451;10
17;17;121;1
18;18;166;2
18;18;273;1
18;18;315;1
18;18;339;1
18;18;345;1
18;18;349;1
18;18;351;1
18;18;356;1
18;18;496;1
18;18;592;1
18;18;688;2
19;19;23;1
19;19;25;1
19;19;303;1
19;19;458;1
19;19;493;1
19;19;496;1
21;21;488;1
22;22;24;1
22;22;171;1
22;22;456;1
22;22;458;1
22;22;461;1
22;22;487;1
22;22;488;1
22;22;691;2
22;22;727;1
23;23;25;2
23;23;455;1
23;23;461;1
23;23;519;1
23;23;568;1
23;23;656;1
24;24;25;1
24;24;439;1
24;24;459;1
24;24;462;1
24;24;490;1
24;24;491;1
24;24;520;1
24;24;657;1
24;24;804;1
25;25;97;2
25;25;420;1
25;25;433;1
25;25;459;1
25;25;491;1
25;25;493;2
25;25;538;1
25;25;544;2
33;33;35;3
33;33;36;1
33;33;39;3
33;33;42;4
33;33;43;4
33;33;63;3
33;33;132;1
33;33;155;1
33;33;229;2
33;33;247;2
33;33;303;1
33;33;313;1
33;33;338;1
33;33;341;1
33;33;359;1
33;33;375;1
33;33;441;1
33;33;559;1
33;33;578;1
33;33;584;1
33;33;612;3
33;33;640;1
33;33;645;3
33;33;651;5
33;33;669;2
33;33;676;1
33;33;685;2
33;33;695;2
33;33;752;1
33;33;786;1
33;247;612;1
33;247;695;1
33;612;695;1
35;35;36;1
35;35;43;1
35;35;44;1
35;35;213;1
35;35;229;2
35;35;645;1
35;35;670;1
35;35;675;1
36;36;43;1
36;36;307;1
36;36;651;1
36;36;660;1
36;36;675;1
36;36;685;1
36;36;714;1
36;36;716;1
36;36;747;1
39;39;42;3
39;39;44;1
39;39;63;2
39;39;109;1
39;39;118;3
39;39;123;1
39;39;133;3
39;39;147;1
39;39;160;4
39;39;166;1
39;39;169;5
39;39;180;1
39;39;245;1
39;39;249;3
39;39;252;2
39;39;267;1
39;39;368;1
39;39;385;1
39;39;408;1
39;39;492;1
39;39;511;1
39;39;582;1
39;39;651;7
39;39;673;1
39;39;698;2
39;39;752;1
39;39;755;1
39;39;761;1
39;39;786;1
39;118;133;2
39;118;169;1
39;133;169;1
42;42;43;4
42;42;44;1
42;42;45;1
42;42;63;3
42;42;72;1
42;42;83;1
42;42;93;1
42;42;118;1
42;42;133;1
42;42;180;1
42;42;187;1
42;42;204;4
42;42;296;3
42;42;303;1
42;42;307;1
42;42;582;1
42;42;640;1
42;42;651;4
42;42;670;1
42;42;682;1
42;42;695;1
42;42;696;1
42;42;711;1
42;42;713;1
42;42;756;2
42;42;770;1
42;42;778;1
42;42;803;1
42;42;804;2
43;43;45;2
43;43;118;1
43;43;410;1
43;43;511;1
43;43;529;1
43;43;582;1
43;43;648;1
43;43;651;2
43;43;652;1
43;43;669;1
43;43;752;1
43;43;770;1
43;43;794;1
46;46;482;1
63;63;66;1
63;63;109;1
63;63;122;2
63;63;130;1
63;63;158;1
63;63;182;1
63;63;303;1
63;63;314;2
63;63;388;1
63;63;517;1
63;63;651;1
63;63;688;1
63;63;780;1
63;63;801;1
63;63;823;1
82;82;104;1
82;82;192;1
82;82;202;1
82;82;276;1
82;82;277;2
82;82;290;1
82;82;570;2
82;82;578;1
82;82;581;4
82;82;617;1
83;83;120;1
83;83;194;1
83;83;627;1
83;83;682;1
83;83;714;1
84;84;99;1
84;84;288;1
84;84;464;1
84;84;713;1
86;86;98;1
86;86;106;1
86;86;142;1
86;86;145;1
86;86;171;3
86;86;184;1
86;86;195;1
86;86;200;1
86;86;214;1
86;86;237;1
86;86;259;1
86;86;273;1
86;86;275;2
86;86;292;3
86;86;306;1
86;86;314;2
86;86;461;1
86;86;507;1
86;86;657;1
86;86;675;2
86;86;689;1
86;86;699;1
86;86;715;1
86;86;737;1
86;86;739;1
86;86;753;1
86;86;783;1
86;86;801;1
88;88;194;1
88;88;226;1
88;88;259;3
88;88;302;1
88;88;306;1
88;88;308;1
88;88;309;4
88;88;616;1
88;88;722;2
88;88;749;1
88;88;775;1
88;259;616;1
88;259;722;1
89;89;98;1
89;89;169;2
89;89;187;1
89;89;210;1
89;89;225;2
89;89;249;1
89;89;259;1
89;89;292;1
89;89;309;2
89;89;375;1
89;89;605;1
89;89;611;1
89;89;626;1
89;89;686;1
89;89;720;2
89;89;745;3
89;89;778;1
89;89;784;2
89;89;823;1
91;91;104;1
91;91;309;1
91;91;603;1
91;91;820;1
93;93;122;1
93;93;123;1
93;93;744;3
93;93;772;1
93;93;805;1
93;122;123;1
93;122;744;1
94;94;95;3
94;94;208;1
94;94;227;1
94;94;286;3
94;94;332;1
94;94;789;1
94;95;332;1
95;95;168;1
95;95;187;1
95;95;275;1
95;95;332;1
95;95;662;1
95;95;700;1
95;95;704;4
95;95;785;2
95;95;805;2
95;95;806;1
95;95;820;1
96;96;306;1
98;98;106;1
98;98;171;1
98;98;208;1
98;98;283;1
98;98;292;1
98;98;306;1
98;98;375;1
98;98;386;1
98;98;657;1
98;98;672;1
98;98;715;1
98;98;722;1
98;98;745;2
98;98;819;1
99;99;191;1
99;99;276;1
104;104;116;1
104;104;121;1
104;104;129;1
104;104;138;1
104;104;155;1
104;104;165;1
104;104;168;1
104;104;171;1
104;104;174;1
104;104;198;2
104;104;231;1
104;104;232;2
104;104;255;2
104;104;272;1
104;104;276;1
104;104;277;1
104;104;303;5
104;104;308;1
104;104;314;4
104;104;318;1
104;104;362;1
104;104;375;1
104;104;381;1
104;104;484;1
104;104;507;1
104;104;517;2
104;104;524;1
104;104;535;1
104;104;570;1
104;104;579;1
104;104;582;1
104;104;603;1
104;104;608;1
104;104;611;1
104;104;620;1
104;104;626;2
104;104;672;1
104;104;673;1
104;104;686;1
104;104;688;1
104;104;689;4
104;104;698;1
104;104;733;1
104;104;737;1
104;104;749;1
104;104;787;1
104;104;800;3
104;104;813;1
104;104;815;1
104;104;817;1
104;104;820;1
106;106;108;16
106;106;109;3
106;106;130;1
106;106;292;1
106;106;601;1
106;106;758;1
106;106;797;2
106;108;109;1
106;108;130;1
108;108;109;1
108;108;122;1
108;108;130;1
108;108;222;1
108;108;662;1
108;108;677;1
108;108;763;1
108;108;787;1
109;109;110;1
109;109;155;1
109;109;209;1
109;109;247;1
109;109;249;1
109;109;283;1
109;109;483;1
109;109;502;1
109;109;634;1
109;109;642;1
109;109;655;1
109;109;678;4
109;109;697;1
109;109;707;1
109;109;758;1
109;109;759;1
109;109;762;1
109;109;763;2
109;109;765;2
109;109;771;1
109;109;786;1
109;109;787;1
109;109;797;3
109;109;823;1
109;109;824;3
109;109;827;1
109;109;828;1
109;763;765;1
110;110;194;1
110;110;195;2
110;110;678;1
110;110;758;1
110;110;794;1
110;110;797;1
111;111;113;1
111;111;115;1
111;111;120;1
111;111;123;1
111;111;699;1
111;111;711;1
111;111;788;2
113;113;117;1
113;113;124;1
113;113;163;1
113;113;251;1
113;113;304;1
113;113;395;1
113;113;699;1
113;113;711;6
113;113;730;1
113;113;741;1
113;113;788;1
116;116;117;4
116;116;123;1
116;116;128;2
116;116;133;4
116;116;135;7
116;116;136;1
116;116;148;3
116;116;155;1
116;116;158;1
116;116;160;1
116;116;164;2
116;116;169;7
116;116;180;1
116;116;190;2
116;116;194;1
116;116;226;2
116;116;229;1
116;116;231;1
116;116;235;1
116;116;248;1
116;116;267;3
116;116;270;1
116;116;287;1
116;116;332;1
116;116;334;1
116;116;338;1
116;116;375;1
116;116;387;1
116;116;394;1
116;116;403;2
116;116;405;1
116;116;421;1
116;116;484;2
116;116;524;1
116;116;528;1
116;116;535;2
116;116;580;3
116;116;601;1
116;116;612;1
116;116;639;2
116;116;643;1
116;116;648;1
116;116;673;1
116;116;678;3
116;116;686;1
116;116;697;4
116;116;721;5
116;116;725;1
116;116;739;1
116;116;746;1
116;116;748;1
116;116;763;3
116;116;786;8
116;116;806;1
116;116;820;1
116;116;827;4
116;116;828;4
116;117;763;1
116;135;180;1
116;135;190;1
116;135;194;1
116;135;786;1
116;267;827;1
116;267;828;1
116;484;524;1
116;484;535;1
116;827;828;2
117;117;118;1
117;117;124;1
117;117;163;1
117;117;164;3
117;117;169;2
117;117;246;1
117;117;251;1
117;117;261;1
117;117;267;1
117;117;270;3
117;117;309;1
117;117;371;1
117;117;375;3
117;117;376;5
117;117;388;1
117;117;391;6
117;117;395;1
117;117;398;1
117;117;409;1
117;117;414;1
117;117;417;1
117;117;421;1
117;117;429;1
117;117;432;1
117;117;508;1
117;117;571;2
117;117;580;1
117;117;585;1
117;117;601;1
117;117;608;1
117;117;635;1
117;117;656;1
117;117;721;3
117;117;743;1
117;117;748;1
117;117;750;1
117;117;756;1
117;117;759;1
117;117;763;3
117;117;768;1
117;117;811;1
117;117;827;4
117;117;828;1
117;164;571;1
117;164;827;1
117;763;827;1
118;118;122;1
118;118;130;1
118;118;132;1
118;118;133;13
118;118;135;4
118;118;147;1
118;118;160;1
118;118;162;1
118;118;169;1
118;118;220;1
118;118;226;2
118;118;328;1
118;118;330;2
118;118;366;1
118;118;376;1
118;118;387;1
118;118;388;3
118;118;393;1
118;118;394;1
118;118;399;1
118;118;403;1
118;118;405;1
118;118;410;14
118;118;414;1
118;118;425;1
118;118;427;1
118;118;428;1
118;118;441;22
118;118;451;5
118;118;453;1
118;118;454;1
118;118;478;2
118;118;481;1
118;118;484;1
118;118;503;1
118;118;506;3
118;118;513;1
118;118;522;1
118;118;524;1
118;118;528;1
118;118;555;1
118;118;559;1
118;118;585;1
118;118;682;1
118;118;686;1
118;118;755;1
118;118;762;1
118;133;169;1
118;133;410;1
118;133;441;4
118;133;451;3
118;410;441;2
118;410;451;1
118;410;506;1
120;120;121;2
120;120;123;1
120;120;151;1
120;120;160;1
120;120;170;3
120;120;194;1
120;120;206;1
120;120;232;1
120;120;246;7
120;120;248;1
120;120;270;1
120;120;275;1
120;120;283;1
120;120;368;1
120;120;427;1
120;120;428;1
120;120;568;2
120;120;598;1
120;120;632;1
120;120;643;1
120;120;659;1
120;120;680;2
120;120;737;2
120;120;742;1
120;120;746;2
120;120;768;1
120;120;786;1
120;120;806;1
120;120;821;1
120;737;746;1
121;121;133;1
121;121;160;1
121;121;169;1
121;121;170;1
121;121;187;1
121;121;192;1
121;121;207;1
121;121;394;1
121;121;410;1
121;121;650;1
121;121;656;1
121;121;673;1
121;121;698;1
121;121;746;1
121;121;765;1
121;121;806;1
121;121;831;6
122;122;123;4
122;122;124;2
122;122;126;1
122;122;130;1
122;122;139;1
122;122;147;2
122;122;154;1
122;122;155;3
122;122;160;1
122;122;168;1
122;122;169;1
122;122;182;1
122;122;204;1
122;122;231;1
122;122;266;1
122;122;306;1
122;122;323;1
122;122;368;1
122;122;388;1
122;122;391;2
122;122;392;1
122;122;395;1
122;122;399;1
122;122;420;1
122;122;421;2
122;122;482;1
122;122;511;1
122;122;528;1
122;122;559;1
122;122;568;1
122;122;585;2
122;122;598;1
122;122;614;1
122;122;620;5
122;122;627;1
122;122;662;1
122;122;672;1
122;122;673;2
122;122;677;1
122;122;697;1
122;122;701;2
122;122;711;6
122;122;713;1
122;122;725;1
122;122;729;1
122;122;737;2
122;122;744;4
122;122;745;2
122;122;755;3
122;122;756;1
122;122;777;1
122;123;421;1
122;123;744;2
122;155;182;1
122;155;620;1
122;155;673;1
122;620;673;1
123;123;124;1
123;123;126;3
123;123;130;1
123;123;135;1
123;123;144;1
123;123;145;1
123;123;147;9
123;123;155;2
123;123;160;2
123;123;163;1
123;123;168;1
123;123;169;2
123;123;180;1
123;123;187;1
123;123;191;2
123;123;200;2
123;123;206;3
123;123;207;4
123;123;225;1
123;123;226;1
123;123;231;1
123;123;233;1
123;123;237;1
123;123;246;1
123;123;247;1
123;123;248;1
123;123;251;1
123;123;261;2
123;123;266;2
123;123;270;6
123;123;275;1
123;123;279;1
123;123;283;1
123;123;287;1
123;123;288;1
123;123;290;1
123;123;302;1
123;123;323;1
123;123;371;1
123;123;375;1
123;123;376;5
123;123;388;9
123;123;392;8
123;123;393;1
123;123;395;2
123;123;399;1
123;123;405;1
123;123;409;1
123;123;421;2
123;123;423;3
123;123;425;4
123;123;427;6
123;123;428;3
123;123;429;1
123;123;432;4
123;123;449;2
123;123;470;1
123;123;473;1
123;123;478;2
123;123;486;1
123;123;489;1
123;123;502;1
123;123;508;3
123;123;510;1
123;123;511;1
123;123;543;1
123;123;555;1
123;123;571;2
123;123;578;2
123;123;585;4
123;123;586;1
123;123;589;1
123;123;598;1
123;123;605;2
123;123;619;1
123;123;632;1
123;123;633;3
123;123;634;1
123;123;635;1
123;123;649;1
123;123;659;1
123;123;661;3
123;123;662;3
123;123;663;1
123;123;678;1
123;123;680;1
123;123;681;4
123;123;683;1
123;123;685;1
123;123;688;1
123;123;697;1
123;123;698;1
123;123;699;1
123;123;704;2
123;123;711;6
123;123;712;1
123;123;722;1
123;123;726;1
123;123;729;1
123;123;730;1
123;123;737;3
123;123;739;1
123;123;741;1
123;123;744;9
123;123;745;3
123;123;748;1
123;123;750;4
123;123;754;1
123;123;755;7
123;123;757;4
123;123;758;1
123;123;766;1
123;123;768;2
123;123;772;1
123;123;777;1
123;123;794;2
123;123;800;1
123;123;801;1
123;123;809;1
123;123;816;1
123;123;824;1
123;123;828;1
123;147;287;1
123;147;661;1
123;147;681;1
123;270;388;1
123;427;585;1
123;427;737;1
123;744;824;1
124;124;138;1
124;124;139;1
124;124;146;1
124;124;155;2
124;124;158;1
124;124;159;1
124;124;175;1
124;124;251;5
124;124;267;1
124;124;391;2
124;124;421;3
124;124;432;2
124;124;510;1
124;124;523;3
124;124;662;2
124;124;677;1
124;124;721;1
124;124;734;1
126;126;138;1
126;126;182;2
126;126;187;1
126;126;239;1
126;126;248;1
126;126;357;7
126;126;388;1
126;126;392;2
126;126;425;1
126;126;427;1
126;126;449;1
126;126;532;1
126;126;555;1
126;126;570;4
126;126;578;3
126;126;608;4
126;126;618;2
126;126;620;1
126;126;649;1
126;126;656;1
126;126;669;1
126;126;673;1
126;126;676;1
126;126;686;1
126;126;714;1
126;126;726;1
126;126;739;7
126;126;755;1
128;128;129;2
128;128;187;1
128;128;222;1
128;128;494;1
128;128;601;2
128;128;639;3
128;128;648;3
128;128;667;1
128;128;717;1
128;128;721;1
128;128;777;1
129;129;187;1
129;129;272;2
129;129;601;1
129;129;639;1
129;129;648;2
129;129;698;1
129;129;758;1
129;129;818;1
129;129;831;1
129;272;698;1
129;648;831;1
130;130;388;1
130;130;423;1
130;130;535;1
130;130;789;1
132;132;156;1
132;132;186;1
132;132;193;1
132;132;210;1
132;132;340;1
132;132;343;1
132;132;386;1
132;132;576;1
132;132;598;1
132;132;640;1
132;132;647;1
132;132;725;1
132;132;752;1
132;132;816;1
133;133;135;18
133;133;155;1
133;133;158;1
133;133;165;1
133;133;169;2
133;133;232;1
133;133;267;1
133;133;313;1
133;133;328;9
133;133;330;5
133;133;377;1
133;133;378;2
133;133;387;2
133;133;396;3
133;133;403;1
133;133;405;1
133;133;410;1
133;133;430;1
133;133;441;11
133;133;450;1
133;133;451;20
133;133;453;1
133;133;473;2
133;133;478;1
133;133;481;2
133;133;499;1
133;133;533;1
133;133;597;1
133;133;697;1
133;133;714;1
133;133;748;1
133;133;816;1
133;133;831;1
133;135;441;1
133;135;451;1
133;135;473;1
133;135;478;1
133;135;481;1
133;441;451;2
133;451;473;1
133;451;478;1
133;451;481;1
135;135;148;1
135;135;165;1
135;135;180;1
135;135;190;1
135;135;194;1
135;135;247;1
135;135;265;1
135;135;330;1
135;135;332;2
135;135;334;2
135;135;378;1
135;135;387;1
135;135;403;1
135;135;430;1
135;135;441;2
135;135;451;2
135;135;473;2
135;135;478;1
135;135;481;1
135;135;612;2
135;135;678;1
135;135;695;1
135;135;697;1
135;135;786;4
135;135;806;1
135;135;820;1
135;451;473;1
135;451;478;1
135;451;481;1
138;138;139;1
138;138;149;1
138;138;154;2
138;138;155;2
138;138;158;1
138;138;163;1
138;138;168;2
138;138;182;16
138;138;183;1
138;138;187;1
138;138;206;4
138;138;218;1
138;138;223;1
138;138;231;1
138;138;232;2
138;138;242;1
138;138;251;2
138;138;261;56
138;138;313;1
138;138;334;1
138;138;335;1
138;138;348;1
138;138;353;1
138;138;357;2
138;138;376;7
138;138;378;1
138;138;380;2
138;138;386;1
138;138;401;1
138;138;403;1
138;138;418;1
138;138;427;1
138;138;432;2
138;138;445;1
138;138;508;1
138;138;555;1
138;138;557;1
138;138;564;1
138;138;586;1
138;138;604;1
138;138;608;1
138;138;619;5
138;138;620;6
138;138;633;3
138;138;634;1
138;138;650;1
138;138;662;2
138;138;665;1
138;138;673;4
138;138;677;4
138;138;680;1
138;138;694;1
138;138;701;1
138;138;711;5
138;138;725;1
138;138;733;1
138;138;734;1
138;138;737;3
138;138;745;1
138;138;768;1
138;138;786;1
138;138;819;1
138;261;619;3
138;261;620;2
138;261;634;1
138;261;677;2
138;261;680;1
138;261;711;3
138;261;725;1
138;261;737;1
138;261;745;1
138;677;745;1
139;139;146;4
139;139;176;1
139;139;186;1
139;139;190;1
139;139;204;1
139;139;245;1
139;139;283;1
139;139;292;1
139;139;306;1
139;139;353;1
139;139;459;1
139;139;475;1
139;139;483;1
139;139;507;1
139;139;512;1
139;139;523;1
139;139;550;1
139;139;555;1
139;139;564;2
139;139;628;2
139;139;634;1
139;139;648;1
139;139;676;2
139;139;677;1
139;139;689;1
139;139;692;1
139;139;758;1
139;139;777;9
142;142;611;3
142;142;797;1
144;144;169;1
144;144;187;1
144;144;289;1
144;144;338;1
144;144;353;1
144;144;362;1
144;144;376;1
144;144;388;1
144;144;468;1
144;144;482;2
144;144;507;1
144;144;578;3
144;144;628;1
144;144;633;1
144;144;638;1
144;144;641;1
144;144;649;8
144;144;674;1
144;144;693;1
144;144;719;2
144;144;748;1
144;144;768;1
144;144;777;1
144;144;807;1
144;362;628;1
145;145;210;1
145;145;611;1
145;145;645;1
146;146;186;7
146;146;314;1
146;146;368;1
146;146;553;1
146;146;555;1
146;146;647;1
146;146;664;1
146;146;688;1
146;146;690;1
146;146;713;1
147;147;161;1
147;147;266;1
147;147;270;1
147;147;287;1
147;147;403;1
147;147;585;1
147;147;632;1
147;147;661;1
147;147;669;1
147;147;681;2
147;147;687;1
147;147;688;1
147;147;712;1
147;147;715;1
147;147;745;2
147;147;750;1
147;147;755;1
147;147;756;1
147;147;769;1
147;147;794;1
147;147;828;1
148;148;151;1
148;148;818;2
151;151;153;6
151;151;248;1
151;151;332;1
151;151;643;1
151;151;678;1
151;151;742;4
151;151;818;2
151;153;332;1
151;153;678;1
151;153;742;2
151;153;818;1
153;153;332;1
153;153;601;1
153;153;678;1
153;153;742;7
153;153;765;2
153;153;818;2
154;154;158;1
154;154;206;1
154;154;511;1
154;154;604;1
155;155;158;6
155;155;182;1
155;155;206;1
155;155;251;2
155;155;272;1
155;155;421;2
155;155;482;1
155;155;511;1
155;155;580;3
155;155;620;2
155;155;634;1
155;155;642;1
155;155;673;1
155;155;737;1
155;155;755;1
155;155;777;1
155;155;794;1
155;251;620;1
155;251;737;1
155;620;673;1
156;156;186;1
156;156;207;1
156;156;210;2
156;156;212;2
156;156;213;1
156;156;231;1
156;156;237;1
156;156;314;1
156;156;517;2
156;156;611;1
156;156;621;1
156;156;644;1
156;156;675;1
156;156;682;1
156;156;713;3
156;156;716;1
156;156;752;1
156;156;787;1
156;156;793;1
158;158;182;1
158;158;251;1
158;158;261;1
158;158;482;1
158;158;601;1
158;158;634;1
158;158;711;1
158;158;777;1
160;160;190;2
160;160;200;1
160;160;207;3
160;160;215;1
160;160;220;1
160;160;233;1
160;160;306;1
160;160;410;1
160;160;421;1
160;160;425;1
160;160;585;1
160;160;588;1
160;160;649;1
160;160;690;1
160;160;697;1
160;160;698;5
160;160;711;1
160;160;716;1
160;160;726;2
160;160;743;1
160;160;746;1
160;160;748;1
160;160;808;1
160;160;812;1
160;160;828;1
164;164;272;1
164;164;309;1
164;164;399;3
164;164;571;2
164;164;588;1
164;164;686;1
164;164;711;1
164;164;717;3
164;164;721;1
164;164;724;1
164;164;765;2
164;164;818;4
164;164;827;1
164;571;827;1
165;165;174;1
165;165;190;1
165;165;215;1
165;165;315;1
165;165;769;1
165;165;774;1
166;166;185;1
166;166;198;1
166;166;278;1
166;166;718;1
168;168;181;1
168;168;187;1
168;168;275;1
168;168;368;1
168;168;468;1
168;168;469;1
168;168;646;4
168;168;737;1
168;168;740;1
168;168;744;1
168;168;752;1
168;168;768;1
168;168;776;1
168;168;788;1
168;168;789;2
168;168;806;1
169;169;252;3
169;169;267;1
169;169;272;1
169;169;291;1
169;169;375;1
169;169;441;1
169;169;555;1
169;169;580;1
169;169;631;1
169;169;650;1
169;169;662;1
169;169;675;1
169;169;678;1
169;169;680;1
169;169;697;2
169;169;744;1
169;169;748;3
169;169;755;1
169;169;757;1
169;169;771;2
169;169;818;1
169;169;827;3
169;169;828;2
170;170;750;1
171;171;196;1
171;171;507;1
171;171;588;2
171;171;815;1
173;173;222;4
173;173;224;3
173;173;307;1
173;173;677;1
173;173;748;2
173;173;758;1
173;173;765;1
173;173;795;1
174;174;300;1
174;174;600;1
174;174;689;1
175;175;178;3
175;175;183;1
175;175;197;1
175;175;198;2
175;175;199;1
175;175;265;1
175;175;282;1
175;175;286;1
175;175;336;1
175;175;343;2
175;175;348;1
175;175;352;1
175;175;358;1
175;175;360;3
175;175;370;1
175;175;371;1
175;175;383;1
175;175;407;2
175;175;458;1
175;175;540;2
175;175;547;2
175;175;550;1
175;175;551;2
175;175;569;2
175;175;572;1
175;175;576;4
175;175;584;2
175;175;634;1
175;175;645;2
175;175;647;2
175;175;663;2
175;175;671;2
175;175;679;2
175;175;688;2
175;175;694;2
175;175;713;1
175;175;718;1
175;175;723;1
175;175;736;1
180;180;184;1
180;180;190;2
180;180;283;1
180;190;283;1
182;182;246;1
182;182;380;1
182;182;388;1
182;182;482;1
182;182;514;1
182;182;578;1
182;182;620;2
182;182;673;3
182;182;714;1
182;182;768;1
187;187;192;1
187;187;202;1
187;187;222;1
187;187;224;1
187;187;251;1
187;187;306;1
187;187;307;1
187;187;368;1
187;187;507;1
187;187;511;2
187;187;529;1
187;187;535;1
187;187;555;1
187;187;557;3
187;187;588;1
187;187;603;1
187;187;633;1
187;187;637;1
187;187;648;4
187;187;667;1
187;187;668;4
187;187;670;1
187;187;690;2
187;187;698;1
187;187;725;3
187;187;730;1
187;187;739;1
187;187;758;1
187;187;776;1
187;187;789;1
187;187;820;1
187;187;831;6
188;188;248;1
188;188;749;2
190;190;207;1
190;190;215;5
190;190;220;1
190;190;233;1
190;190;245;1
190;190;249;1
190;190;283;1
190;190;301;1
190;190;508;1
190;190;554;1
190;190;573;1
190;190;588;2
190;190;628;1
190;190;639;1
190;190;667;1
190;190;697;1
190;190;722;1
190;190;758;1
190;190;769;1
190;190;777;1
190;190;808;1
190;190;812;1
192;192;307;1
192;192;315;1
192;192;507;1
192;192;511;1
192;192;603;3
192;192;698;1
192;192;758;1
192;192;815;1
192;192;831;1
193;193;210;1
193;193;213;1
193;193;279;9
193;193;290;2
193;193;315;2
193;193;332;2
193;193;338;1
193;193;341;1
193;193;343;1
193;193;355;1
193;193;367;1
193;193;386;1
193;193;422;1
193;193;479;1
193;193;507;1
193;193;576;2
193;193;679;1
193;193;693;1
193;193;725;1
193;193;731;1
193;193;781;1
194;194;226;1
194;194;249;1
194;194;272;1
194;194;300;1
194;194;603;3
194;194;643;1
194;194;678;1
194;194;682;1
194;194;697;5
194;194;698;1
194;194;720;1
194;194;765;1
194;194;786;1
194;194;798;1
194;194;804;1
194;194;815;2
194;194;816;1
195;195;216;1
195;195;471;1
196;196;769;1
198;198;302;1
198;198;306;3
198;198;307;1
198;198;386;1
198;198;589;1
198;198;647;1
198;198;698;1
198;198;808;1
198;198;813;1
200;200;233;1
200;200;646;2
202;202;568;1
202;202;632;1
202;202;759;1
202;202;778;1
202;202;780;1
204;204;776;2
204;204;777;1
204;204;823;1
206;206;270;1
206;206;295;1
206;206;633;1
206;206;711;2
206;206;737;1
206;206;741;1
206;206;746;1
206;206;748;1
206;206;757;1
207;207;519;1
207;207;588;1
207;207;698;1
207;207;808;1
210;210;577;1
210;210;611;1
210;210;713;1
210;210;716;1
210;210;761;1
212;212;251;1
212;212;279;3
212;212;303;2
212;212;470;1
212;212;640;1
212;212;644;1
212;212;715;1
212;212;769;1
214;214;216;1
214;214;221;1
214;214;269;1
214;214;732;1
214;214;745;1
214;214;749;1
214;214;752;2
214;214;777;1
214;214;814;1
214;214;819;1
215;215;589;1
215;215;667;1
215;215;713;1
216;216;219;1
216;216;221;1
216;216;307;1
216;216;316;2
216;216;787;2
216;216;797;1
216;216;814;3
219;219;314;1
219;219;316;1
219;219;662;1
219;219;785;1
220;220;253;1
220;220;290;2
220;220;315;6
220;220;338;1
220;220;341;1
220;220;352;1
220;220;369;1
220;220;410;1
220;220;462;1
220;220;531;1
220;220;533;1
220;220;559;1
220;220;569;1
220;220;572;1
220;220;578;1
220;220;589;1
220;220;603;1
220;220;606;1
220;220;617;1
220;220;635;1
220;220;656;1
220;220;674;1
220;220;693;1
220;220;695;1
220;220;799;3
220;220;816;1
221;221;316;1
221;221;333;1
221;221;340;1
221;221;787;1
221;221;814;1
222;222;224;1
222;222;616;1
222;222;758;1
224;224;230;1
224;224;765;1
226;226;237;1
226;226;267;2
226;226;272;1
226;226;292;1
226;226;314;1
226;226;399;1
226;226;405;1
226;226;489;1
226;226;517;1
226;226;603;1
226;226;639;1
226;226;643;1
226;226;655;1
226;226;678;1
226;226;686;1
226;226;697;1
226;226;720;2
226;226;762;2
226;226;771;1
226;226;784;1
226;226;794;2
226;226;824;2
226;267;639;1
229;229;240;1
229;229;279;1
229;229;577;1
229;229;644;1
229;229;654;1
229;229;666;1
229;229;675;2
229;229;787;1
229;229;812;1
231;231;248;1
231;231;461;1
231;231;579;1
231;231;580;1
231;231;673;1
231;231;686;1
231;231;699;1
231;231;704;1
231;231;774;1
231;231;788;1
232;232;511;1
233;233;255;1
233;233;517;1
233;233;568;1
233;233;620;1
233;233;680;1
233;233;696;1
233;233;716;1
233;233;746;1
233;233;801;1
233;233;813;3
233;233;814;1
237;237;245;1
237;237;263;1
237;237;475;1
237;237;573;2
237;237;628;1
237;237;666;1
237;237;681;1
237;237;716;1
237;237;762;2
237;237;794;2
237;237;799;1
237;237;811;1
237;237;823;1
237;237;824;2
241;241;300;1
241;241;579;2
245;245;252;1
245;245;273;2
245;245;288;1
245;245;294;1
245;245;302;1
245;245;306;1
245;245;307;1
245;245;309;2
245;245;521;1
245;245;572;1
245;245;588;4
245;245;589;1
245;245;598;1
245;245;600;3
245;245;616;1
245;245;633;1
245;245;657;1
245;245;675;1
245;245;713;1
245;245;715;1
245;245;745;2
245;245;752;3
245;245;776;1
245;245;777;1
245;245;794;1
245;245;795;4
245;245;800;1
245;245;813;1
247;247;251;1
247;247;257;1
247;247;265;2
247;247;342;1
247;247;375;3
247;247;482;1
247;247;511;1
247;247;557;1
247;247;566;1
247;247;578;1
247;247;580;2
247;247;597;2
247;247;604;1
247;247;606;1
247;247;608;3
247;247;612;6
247;247;614;1
247;247;616;1
247;247;626;2
247;247;649;3
247;247;651;1
247;247;672;3
247;247;674;1
247;247;676;2
247;247;677;1
247;247;695;1
247;247;697;1
247;247;701;2
247;247;715;1
247;247;725;1
247;247;762;1
247;247;811;2
247;247;818;1
247;612;695;1
248;248;479;1
248;248;568;1
248;248;570;1
248;248;632;1
248;248;686;1
248;248;755;1
249;249;267;1
249;249;273;1
249;249;475;1
249;249;639;1
249;249;678;1
249;249;697;1
249;249;763;1
249;249;786;1
249;249;823;1
250;250;276;1
250;250;667;1
250;250;732;1
250;250;746;2
250;250;755;1
250;250;805;1
251;251;261;2
251;251;266;1
251;251;268;1
251;251;376;2
251;251;388;2
251;251;391;1
251;251;393;1
251;251;394;1
251;251;395;1
251;251;398;2
251;251;399;1
251;251;403;2
251;251;414;1
251;251;421;1
251;251;423;1
251;251;425;2
251;251;427;4
251;251;429;1
251;251;432;2
251;251;449;2
251;251;473;2
251;251;478;1
251;251;508;1
251;251;510;1
251;251;543;1
251;251;555;1
251;251;557;1
251;251;585;1
251;251;586;1
251;251;614;1
251;251;616;1
251;251;619;1
251;251;620;1
251;251;635;1
251;251;656;1
251;251;677;1
251;251;711;2
251;251;720;1
251;251;737;1
251;251;741;1
251;251;755;1
251;251;759;1
251;251;762;2
251;251;784;1
251;261;432;1
251;427;473;1
252;252;650;1
255;255;646;1
255;255;775;1
255;255;800;3
255;255;814;1
259;259;616;1
259;259;716;1
259;259;722;1
259;259;795;1
261;261;281;1
261;261;313;1
261;261;348;1
261;261;353;1
261;261;357;1
261;261;376;6
261;261;378;1
261;261;379;1
261;261;380;1
261;261;388;2
261;261;395;1
261;261;401;1
261;261;415;1
261;261;418;1
261;261;423;1
261;261;425;1
261;261;427;1
261;261;429;1
261;261;432;2
261;261;443;1
261;261;445;1
261;261;473;1
261;261;478;2
261;261;483;1
261;261;486;1
261;261;508;5
261;261;510;2
261;261;512;1
261;261;514;1
261;261;529;1
261;261;531;1
261;261;535;1
261;261;555;1
261;261;557;2
261;261;564;1
261;261;566;1
261;261;586;2
261;261;606;1
261;261;614;1
261;261;619;6
261;261;620;4
261;261;633;4
261;261;634;3
261;261;635;1
261;261;637;1
261;261;641;4
261;261;646;1
261;261;653;2
261;261;662;2
261;261;665;5
261;261;673;2
261;261;676;1
261;261;677;5
261;261;680;1
261;261;684;1
261;261;686;1
261;261;694;1
261;261;709;1
261;261;711;5
261;261;725;1
261;261;733;1
261;261;737;1
261;261;745;1
261;261;756;1
261;261;757;1
261;261;758;4
261;261;768;1
261;261;777;2
261;261;786;1
261;261;810;1
261;261;819;1
261;677;745;1
266;266;754;1
267;267;489;1
267;267;639;1
267;267;686;1
267;267;765;1
267;267;818;1
267;267;827;2
267;267;828;3
267;827;828;1
270;270;302;2
270;270;323;1
270;270;368;2
270;270;376;1
270;270;388;3
270;270;421;3
270;270;423;2
270;270;425;1
270;270;427;2
270;270;428;2
270;270;432;1
270;270;486;1
270;270;507;1
270;270;568;2
270;270;570;1
270;270;577;1
270;270;588;1
270;270;598;1
270;270;618;1
270;270;619;1
270;270;632;1
270;270;656;1
270;270;659;1
270;270;661;2
270;270;678;2
270;270;680;2
270;270;699;1
270;270;737;5
270;270;746;2
270;270;755;2
270;270;757;2
270;270;777;1
270;270;786;1
270;270;788;1
270;270;808;1
270;427;737;1
270;737;746;1
272;272;668;3
272;272;698;1
272;272;757;2
272;272;788;2
273;273;274;1
273;273;688;1
273;273;776;1
273;273;801;1
275;275;469;1
275;275;646;1
275;275;700;1
275;275;820;1
276;276;277;1
276;276;570;1
276;276;727;1
276;276;739;1
277;277;303;1
277;277;315;1
277;277;559;1
277;277;570;2
277;277;578;1
277;277;581;1
277;277;727;1
277;277;739;2
277;277;755;1
279;279;280;1
279;279;290;1
279;279;294;1
279;279;332;1
279;279;340;1
279;279;479;1
279;279;515;1
279;279;559;1
279;279;640;1
279;279;654;1
279;279;679;1
279;279;725;1
279;279;731;1
283;283;292;1
283;283;428;1
283;283;601;1
283;283;628;1
283;283;633;1
283;283;651;1
283;283;680;1
283;283;697;1
283;283;699;1
286;286;644;1
286;286;715;1
286;286;776;1
286;286;786;1
286;286;804;1
286;286;805;1
286;286;811;1
287;287;302;1
287;287;306;2
287;287;307;1
287;287;308;3
287;287;325;1
287;287;333;1
287;287;461;1
287;287;471;5
287;287;475;3
287;287;480;1
287;287;557;1
287;287;573;2
287;287;579;1
287;287;657;1
287;287;659;1
287;287;661;1
287;287;675;1
287;287;681;1
287;287;699;1
287;287;748;1
287;287;793;2
287;287;812;1
288;288;452;1
288;288;464;1
290;290;341;1
290;290;581;1
290;290;603;1
290;290;713;1
290;290;755;1
290;290;816;1
292;292;461;1
292;292;626;1
292;292;699;1
299;299;502;1
299;299;517;1
299;299;527;6
299;299;528;1
299;299;553;1
299;299;572;1
299;299;745;2
299;299;756;1
299;299;787;1
299;299;802;1
301;301;306;1
301;301;375;1
301;301;657;1
301;301;664;1
301;301;672;1
301;301;722;1
301;301;762;1
301;301;799;1
303;303;375;1
303;303;439;1
303;303;657;1
303;303;672;1
303;303;689;1
303;303;716;1
303;303;752;1
303;303;775;1
306;306;308;1
306;306;480;1
306;306;626;2
306;306;689;1
306;306;713;1
306;306;722;1
306;306;753;1
307;307;471;1
307;307;480;1
307;307;657;1
307;307;675;1
309;309;689;2
309;309;776;1
314;314;318;1
314;314;517;2
314;314;688;1
314;314;780;1
314;314;787;1
314;517;780;1
332;332;334;3
332;332;335;1
332;332;336;1
332;332;340;1
332;332;341;2
332;332;343;2
332;332;357;1
332;332;358;2
332;332;359;1
332;332;360;1
332;332;375;1
332;332;380;1
332;332;383;2
332;332;422;1
332;332;426;1
332;332;483;1
332;332;511;1
332;332;514;2
332;332;517;6
332;332;527;1
332;332;564;1
332;332;581;1
332;332;605;5
332;332;612;1
332;332;634;2
332;332;635;1
332;332;645;1
332;332;647;2
332;332;649;1
332;332;672;2
332;332;674;1
332;332;676;1
332;332;678;1
332;332;696;1
332;332;697;1
332;332;704;3
332;332;707;1
332;332;725;1
332;332;731;1
332;332;736;1
332;332;739;1
332;332;769;1
332;332;780;1
332;332;786;2
332;332;789;2
332;332;807;1
332;332;813;1
332;332;818;1
332;332;820;1
333;333;334;1
333;333;340;1
333;333;475;9
333;333;479;1
333;333;502;1
333;333;517;1
333;333;557;1
333;333;564;4
333;333;574;1
333;333;576;1
333;333;579;2
333;333;582;1
333;333;634;1
333;333;642;4
333;333;645;1
333;333;685;1
333;333;688;2
333;333;689;3
333;333;701;1
333;333;749;4
333;333;786;1
333;333;787;1
333;333;801;1
333;333;814;1
334;334;335;1
334;334;343;1
334;334;353;1
334;334;358;1
334;334;359;1
334;334;368;2
334;334;375;2
334;334;479;1
334;334;512;1
334;334;514;1
334;334;531;3
334;334;566;1
334;334;606;1
334;334;613;1
334;334;614;1
334;334;616;1
334;334;634;1
334;334;645;2
334;334;647;1
334;334;669;2
334;334;672;1
334;334;674;1
334;334;704;1
334;334;731;1
334;334;767;1
334;334;780;1
334;334;786;4
334;334;789;1
334;531;669;1
335;335;340;1
335;335;357;1
335;335;359;2
335;335;537;1
335;335;606;1
335;335;663;1
335;335;731;2
335;335;738;1
335;335;767;1
336;336;342;1
336;336;346;1
336;336;352;1
336;336;353;1
336;336;367;1
336;336;384;1
336;336;649;1
336;336;679;2
336;336;693;1
336;336;695;2
336;336;807;1
338;338;340;1
338;338;341;6
338;338;343;4
338;338;346;1
338;338;352;2
338;338;355;1
338;338;357;1
338;338;359;1
338;338;360;1
338;338;367;1
338;338;369;4
338;338;417;1
338;338;426;1
338;338;470;1
338;338;533;1
338;338;539;1
338;338;579;1
338;338;584;1
338;338;603;1
338;338;635;1
338;338;645;1
338;338;647;1
338;338;651;1
338;338;671;1
338;338;674;1
338;338;687;1
338;338;689;1
338;338;692;1
338;338;693;7
338;338;694;1
338;338;699;1
338;338;731;2
338;338;736;1
338;338;739;1
338;338;766;1
338;338;799;3
338;338;807;1
338;352;369;2
338;352;635;1
338;352;693;2
338;369;584;1
338;369;635;1
338;369;671;1
338;369;693;2
340;340;419;1
340;340;692;1
341;341;343;1
341;341;355;1
341;341;358;3
341;341;360;3
341;341;365;1
341;341;370;1
341;341;485;1
341;341;539;1
341;341;692;1
341;341;731;1
341;341;739;1
342;342;536;1
342;342;539;1
342;342;634;1
342;342;671;2
342;342;731;1
342;342;738;1
343;343;346;3
343;343;348;2
343;343;352;1
343;343;355;3
343;343;358;4
343;343;359;4
343;343;360;9
343;343;367;3
343;343;369;1
343;343;407;1
343;343;497;1
343;343;576;1
343;343;617;1
343;343;663;3
343;343;664;1
343;343;679;1
343;343;689;1
343;343;693;1
343;343;731;1
343;343;782;1
343;343;807;1
343;348;358;1
343;348;576;1
346;346;348;3
346;346;350;1
346;346;353;2
346;346;355;1
346;346;358;1
346;346;359;2
346;346;360;4
346;346;369;2
346;346;576;1
346;346;640;1
346;346;731;1
346;346;777;1
346;348;353;1
348;348;353;2
348;348;358;3
348;348;360;1
348;348;362;1
348;348;367;1
348;348;369;2
348;348;514;1
348;348;533;1
348;348;576;1
348;348;633;1
348;348;641;1
348;348;703;1
350;350;355;1
350;350;358;1
350;350;359;3
350;350;576;1
350;350;640;1
350;350;731;1
350;358;576;1
352;352;353;5
352;352;358;2
352;352;359;1
352;352;360;4
352;352;362;1
352;352;367;1
352;352;369;14
352;352;383;1
352;352;512;1
352;352;517;1
352;352;533;1
352;352;576;1
352;352;584;2
352;352;633;1
352;352;635;1
352;352;641;1
352;352;649;1
352;352;663;1
352;352;664;1
352;352;671;1
352;352;693;17
352;352;695;1
352;352;699;1
352;352;703;1
352;352;723;1
352;352;731;1
352;352;739;1
352;352;773;1
352;352;779;1
352;369;635;1
352;369;693;1
352;693;695;1
353;353;357;1
353;353;358;3
353;353;359;1
353;353;385;1
353;353;514;1
353;353;564;1
353;353;641;3
353;353;664;2
353;353;672;1
353;353;689;1
355;355;357;1
355;355;358;3
355;355;360;3
355;355;362;1
355;355;367;1
355;355;377;1
355;355;424;1
355;355;483;1
355;355;576;2
355;355;679;1
355;355;695;2
355;355;703;1
355;355;731;1
355;355;733;1
355;355;807;1
357;357;378;1
357;357;514;1
357;357;539;1
357;357;608;1
357;357;641;1
357;357;653;1
357;357;676;1
357;357;767;1
357;357;779;2
358;358;359;2
358;358;360;2
358;358;576;2
359;359;360;1
360;360;518;1
362;362;367;1
362;362;628;1
362;362;633;2
362;362;703;1
367;367;377;2
367;367;569;1
367;367;584;1
367;367;633;1
367;367;664;1
367;367;695;1
367;367;703;2
367;367;710;1
367;367;719;1
367;367;825;1
369;369;584;1
369;369;635;1
369;369;664;1
369;369;671;1
369;369;693;5
369;369;723;1
375;375;672;7
376;376;414;1
376;376;508;1
376;376;608;1
376;376;635;1
376;376;641;1
376;376;656;1
376;376;777;1
388;388;398;1
388;388;399;1
388;388;578;1
388;388;585;1
388;388;665;1
388;388;701;1
388;388;743;2
388;388;768;1
388;388;811;1
391;391;393;2
391;391;421;1
391;391;425;1
391;391;427;2
391;391;428;1
391;391;429;12
391;391;432;2
391;391;449;2
391;391;481;1
391;391;484;1
391;391;513;1
391;391;528;1
391;391;535;1
391;391;543;2
391;391;571;3
391;391;601;1
391;391;743;1
391;391;748;1
391;391;750;1
391;391;763;3
391;391;828;1
391;429;432;1
393;393;510;1
394;394;410;1
394;394;631;1
394;394;784;1
396;396;448;1
396;396;451;1
396;396;481;1
398;398;403;1
398;398;414;1
398;398;678;1
398;398;759;10
398;398;778;1
398;414;678;1
399;399;432;1
399;399;642;2
399;399;711;1
399;399;717;1
399;399;785;1
403;403;405;1
403;403;414;1
403;403;441;1
403;403;451;1
403;403;506;1
403;403;528;2
403;403;656;1
403;403;673;6
403;403;743;1
403;403;759;1
410;410;414;1
410;410;416;1
410;410;425;1
410;410;427;1
410;410;428;1
410;410;441;17
410;410;449;1
410;410;451;12
410;410;452;1
410;410;454;2
410;410;467;18
410;410;468;1
410;410;473;15
410;410;478;11
410;410;481;19
410;410;484;10
410;410;503;12
410;410;506;2
410;410;510;2
410;410;513;4
410;410;522;7
410;410;524;6
410;410;528;12
410;410;532;1
410;410;535;3
410;410;549;1
410;410;562;1
410;410;574;1
410;410;585;1
410;410;597;1
410;410;611;1
410;410;631;1
410;410;784;1
410;441;524;1
410;451;535;1
410;467;473;1
410;473;478;2
410;473;481;2
410;473;484;1
410;473;535;1
410;478;481;4
410;478;484;1
410;478;524;1
410;478;528;1
410;478;535;1
410;481;484;2
410;481;528;1
410;481;535;1
410;484;522;1
410;484;535;1
410;522;524;1
410;522;528;2
410;524;528;2
414;414;429;1
414;414;478;1
414;414;481;1
414;414;513;1
414;414;528;1
414;414;585;1
414;414;643;1
414;414;678;2
414;414;759;1
414;414;778;1
414;414;784;1
421;421;425;1
421;421;427;1
421;421;428;1
421;421;432;1
421;421;484;1
421;421;522;1
421;421;535;1
421;425;427;1
423;423;425;2
423;423;427;1
423;423;428;2
423;423;429;2
423;423;535;1
423;423;570;1
423;423;598;1
425;425;427;9
425;425;428;1
425;425;429;1
425;425;432;1
425;425;478;1
425;425;535;1
425;425;578;1
425;425;585;3
425;425;598;1
425;425;670;1
425;425;742;1
425;427;428;1
425;427;429;1
425;427;432;1
425;427;478;1
425;427;585;1
427;427;428;15
427;427;429;7
427;427;430;3
427;427;432;6
427;427;470;1
427;427;473;2
427;427;478;1
427;427;484;2
427;427;506;1
427;427;510;3
427;427;513;1
427;427;522;2
427;427;535;1
427;427;578;1
427;427;585;5
427;427;598;1
427;427;620;1
427;427;662;1
427;427;699;1
427;427;711;1
427;427;729;2
427;427;737;3
427;427;739;1
427;427;745;1
427;427;754;1
427;428;429;2
427;428;432;4
427;428;699;1
427;432;699;1
428;428;429;5
428;428;430;2
428;428;432;10
428;428;441;1
428;428;449;1
428;428;450;1
428;428;478;1
428;428;484;2
428;428;513;1
428;428;522;2
428;428;585;1
428;428;598;1
428;428;680;1
428;428;683;1
428;428;699;1
428;428;711;1
428;428;729;1
428;429;432;1
428;432;699;1
429;429;430;1
429;429;432;3
429;429;449;2
429;429;484;1
429;429;513;2
429;429;522;1
429;429;528;1
429;429;535;3
429;429;543;1
429;429;571;4
429;429;625;1
429;429;667;1
432;432;449;1
432;432;478;1
432;432;484;2
432;432;503;1
432;432;506;2
432;432;510;2
432;432;513;3
432;432;522;4
432;432;528;2
432;432;535;1
432;432;571;1
432;432;585;1
432;432;598;1
432;432;699;1
432;432;712;1
432;432;742;1
432;432;755;1
441;441;451;5
441;441;453;1
441;441;473;1
441;441;478;1
441;441;481;1
441;441;499;1
441;441;524;1
441;441;597;1
441;441;714;1
441;441;816;1
441;441;818;1
449;449;484;1
451;451;452;1
451;451;453;1
451;451;467;1
451;451;473;1
451;451;478;1
451;451;481;3
451;451;484;1
451;451;510;1
451;451;524;1
451;451;535;1
451;451;585;1
451;451;650;2
451;451;714;1
451;451;755;1
455;455;458;2
455;455;462;1
455;455;492;1
455;455;622;1
455;455;685;1
455;455;786;1
456;456;624;2
457;457;521;1
457;457;623;2
457;457;691;1
457;457;752;1
457;457;766;2
458;458;459;2
458;458;462;1
458;458;691;2
458;458;694;1
459;459;622;1
459;459;677;1
462;462;578;1
462;462;581;1
464;464;492;1
464;464;632;2
467;467;473;4
467;467;481;2
467;467;503;1
467;467;528;1
467;467;535;1
467;467;670;1
467;467;742;1
473;473;478;4
473;473;481;6
473;473;484;2
473;473;503;1
473;473;513;2
473;473;528;1
473;473;535;1
473;473;670;1
473;473;677;1
473;478;481;1
473;478;484;1
473;478;535;1
473;481;484;1
473;481;535;1
475;475;502;1
475;475;568;1
475;475;801;2
475;475;823;1
478;478;481;9
478;478;484;4
478;478;508;2
478;478;510;4
478;478;522;1
478;478;524;2
478;478;528;3
478;478;532;1
478;478;535;1
478;478;549;1
478;478;571;1
478;478;574;2
478;478;677;3
478;481;484;2
478;481;522;1
478;481;524;1
478;481;528;2
478;481;535;1
478;484;535;1
481;481;484;3
481;481;508;1
481;481;513;2
481;481;522;1
481;481;524;1
481;481;528;4
481;481;535;1
481;481;670;1
481;481;677;1
481;484;535;1
483;483;512;1
483;483;517;1
483;483;550;1
483;483;555;1
483;483;557;1
483;483;634;3
483;483;647;1
483;483;678;1
483;483;689;1
483;483;735;1
483;483;777;1
483;483;786;1
483;483;790;1
484;484;503;1
484;484;506;1
484;484;522;1
484;484;524;1
484;484;528;1
484;484;535;4
484;484;642;1
487;487;488;1
487;487;491;1
487;487;496;1
487;487;654;1
487;487;691;1
489;489;656;2
489;489;657;1
489;489;659;2
492;492;496;1
494;494;625;2
502;502;511;1
502;502;518;2
502;502;527;2
502;502;533;1
502;502;539;1
502;502;547;1
502;502;550;1
502;502;553;1
502;502;597;1
502;502;604;1
502;502;627;1
502;502;633;2
502;502;634;1
502;502;658;1
502;502;662;1
502;502;683;2
502;502;699;1
502;502;701;1
502;502;771;2
502;502;777;1
502;502;801;1
506;506;513;1
506;506;528;1
506;506;656;1
506;506;717;1
507;507;579;1
507;507;588;2
507;507;589;1
507;507;628;1
507;507;664;1
507;507;739;2
507;507;758;1
507;507;777;3
507;507;783;1
507;507;794;1
507;507;795;1
507;507;799;1
508;508;510;1
508;508;512;3
508;508;547;1
508;508;565;1
508;508;571;1
508;508;604;1
508;508;635;2
508;508;777;1
510;510;532;1
510;510;535;1
510;510;543;1
510;510;571;1
510;510;625;1
510;510;677;2
512;512;525;1
512;512;529;1
512;512;576;2
512;512;580;1
512;512;584;1
512;512;604;1
512;512;634;1
512;512;637;2
512;512;672;1
512;512;725;1
512;512;790;1
513;513;522;1
513;513;524;1
513;513;528;3
513;513;543;1
513;528;543;1
517;517;518;2
517;517;527;2
517;517;570;1
517;517;707;6
517;517;753;1
517;517;780;1
517;517;787;2
517;517;800;1
517;517;801;1
519;519;621;1
519;519;654;1
519;519;678;1
519;519;747;1
519;519;761;2
521;521;653;1
522;522;524;5
522;522;528;4
522;522;535;1
522;522;562;1
522;522;642;1
522;522;667;1
522;524;528;1
523;523;527;1
523;523;529;2
523;523;557;1
523;523;776;1
524;524;526;1
524;524;528;3
524;524;535;1
524;524;670;1
524;524;827;1
524;524;828;1
527;527;637;1
527;527;756;1
527;527;787;1
527;527;802;1
528;528;535;3
528;528;543;2
528;528;549;1
528;528;571;1
529;529;545;1
529;529;557;1
529;529;606;1
529;529;637;5
529;529;674;1
529;529;677;1
529;529;707;1
531;531;550;1
531;531;553;1
531;531;557;1
531;531;566;2
531;531;569;1
531;531;572;1
531;531;586;1
531;531;634;1
531;531;641;1
531;531;645;1
531;531;669;1
531;531;672;2
531;531;676;1
531;531;777;1
531;531;778;1
531;531;786;4
531;531;820;1
535;535;543;4
535;535;562;1
535;535;571;1
535;535;642;1
535;535;827;1
535;535;828;1
536;536;566;1
536;536;672;1
537;537;539;2
537;537;545;5
537;537;547;6
537;537;566;1
537;537;633;1
537;537;637;3
537;537;641;2
537;537;663;1
537;537;671;1
537;537;674;3
537;537;700;1
537;537;718;1
540;540;548;1
540;540;671;1
545;545;548;1
545;545;641;1
545;545;694;1
545;545;807;1
547;547;633;1
547;547;665;1
547;547;671;2
547;547;702;1
548;548;671;1
550;550;631;1
550;550;666;1
550;550;671;1
553;553;554;1
553;553;555;2
553;553;657;1
553;553;739;1
554;554;637;3
554;554;662;1
554;554;758;1
557;557;668;1
557;557;690;1
564;564;566;2
564;564;569;2
564;564;572;5
564;564;576;1
564;564;584;1
564;564;589;1
564;564;603;1
564;564;604;1
564;564;616;2
564;564;621;3
564;564;626;3
564;564;634;1
564;564;635;1
564;564;645;2
564;564;663;2
564;564;669;1
564;564;671;2
564;564;674;1
564;564;679;1
564;564;685;1
564;564;688;2
564;564;689;1
564;564;690;1
564;564;692;1
564;564;693;1
564;564;694;2
564;564;695;1
564;564;697;2
564;564;713;1
564;564;716;1
564;564;722;1
564;564;725;2
564;564;738;1
564;564;749;1
564;564;756;1
564;564;762;1
564;564;780;1
564;564;783;2
564;564;790;1
564;564;793;2
564;564;799;1
564;564;813;1
564;564;816;1
566;566;671;4
566;566;674;1
566;566;695;1
566;566;701;1
566;566;705;1
566;566;713;1
568;568;570;1
568;568;696;2
568;568;704;1
568;568;746;1
568;568;751;1
569;569;612;1
569;569;647;1
569;569;666;1
569;569;688;2
569;569;689;1
569;569;811;1
570;570;627;1
570;570;690;1
570;570;713;1
570;570;736;1
570;570;753;1
570;570;787;1
571;571;711;1
571;571;827;1
572;572;645;1
572;572;745;3
573;573;808;5
573;573;811;3
576;576;584;5
576;576;586;4
576;576;600;1
576;576;604;2
576;576;617;5
576;576;618;2
576;576;634;1
576;576;640;1
576;576;671;1
576;576;674;3
576;576;693;1
576;576;695;6
576;576;701;2
576;576;703;1
576;576;710;1
576;576;713;1
576;576;731;2
576;576;773;1
576;576;781;14
576;576;810;1
576;576;813;1
576;584;586;1
576;584;617;1
576;584;695;1
576;586;617;1
576;586;695;1
579;579;582;1
579;579;774;2
579;579;813;1
580;580;601;1
580;580;672;1
580;580;673;1
580;580;686;1
580;580;742;1
580;580;768;1
581;581;585;2
581;581;649;1
581;581;726;1
581;581;739;2
584;584;586;2
584;584;600;6
584;584;604;3
584;584;606;1
584;584;607;1
584;584;612;1
584;584;614;1
584;584;616;1
584;584;617;4
584;584;618;5
584;584;635;1
584;584;645;1
584;584;664;1
584;584;671;6
584;584;674;1
584;584;693;1
584;584;694;1
584;584;695;8
584;584;703;4
584;584;715;1
584;584;719;1
584;584;733;22
584;584;786;1
584;586;617;1
584;586;695;1
585;585;614;1
585;585;616;1
585;585;719;1
585;585;745;1
585;585;755;1
585;585;757;1
585;585;759;1
586;586;587;1
586;586;600;1
586;586;604;2
586;586;612;1
586;586;617;1
586;586;618;2
586;586;635;1
586;586;695;1
586;586;713;1
588;588;704;3
588;588;787;1
588;588;799;1
588;588;815;1
601;601;639;2
601;601;768;1
603;603;720;1
603;603;774;1
604;604;618;1
604;604;701;1
604;604;713;2
604;604;715;1
604;604;758;1
604;604;764;1
605;605;690;1
605;605;698;1
608;608;617;1
608;608;618;1
608;608;620;1
608;608;669;1
608;608;687;1
608;608;725;1
608;608;733;1
608;608;736;1
611;611;626;1
611;611;812;1
612;612;614;1
612;612;618;2
612;612;633;1
612;612;635;1
612;612;645;1
612;612;651;1
612;612;665;1
612;612;669;1
612;612;695;1
612;612;697;1
612;612;738;1
612;612;786;1
612;612;811;2
612;618;635;1
616;616;713;1
616;616;716;1
616;616;722;1
617;617;671;4
617;617;679;1
617;617;695;8
617;617;736;1
617;617;739;4
617;695;739;1
618;618;635;1
618;618;644;1
618;618;649;1
618;618;665;3
618;618;701;2
618;618;710;2
618;618;715;2
618;618;733;2
618;618;738;2
618;618;768;1
618;618;811;1
619;619;620;1
619;619;630;1
619;619;656;1
619;619;668;1
619;619;686;1
619;619;788;1
619;619;806;1
620;620;662;1
620;620;668;1
620;620;672;1
620;620;673;1
620;620;686;2
620;620;725;2
620;620;733;1
620;620;737;3
620;620;748;1
620;620;786;1
620;620;823;1
621;621;747;2
624;624;688;1
626;626;697;1
626;626;795;1
626;626;799;1
627;627;639;1
627;627;682;1
627;627;749;1
627;627;813;1
627;627;818;1
628;628;675;2
628;628;704;1
628;628;776;1
628;628;812;1
633;633;638;1
633;633;641;1
633;633;649;2
633;633;674;1
633;633;699;1
633;633;703;2
633;633;710;1
634;634;637;5
634;634;640;1
634;634;653;1
634;634;664;1
634;634;678;1
634;634;709;1
634;634;713;1
634;634;722;1
634;634;731;1
634;634;758;5
634;634;764;1
634;634;767;1
634;634;777;9
634;634;781;2
634;634;783;1
634;634;786;2
634;634;787;1
634;634;794;1
635;635;675;1
635;635;677;1
635;635;688;1
635;635;693;1
635;635;713;2
635;635;715;1
635;635;733;1
637;637;707;1
637;637;813;1
639;639;648;1
639;639;721;3
639;639;762;1
639;721;762;1
640;640;692;1
640;640;695;1
640;640;731;1
641;641;648;1
641;641;649;1
641;641;774;1
642;642;656;1
642;642;678;1
642;642;682;1
642;642;697;1
642;642;748;1
642;642;765;1
642;642;776;1
642;642;786;1
642;642;794;1
642;642;797;5
642;642;798;1
643;643;678;1
643;643;742;1
643;643;827;1
644;644;685;1
644;644;715;2
644;644;716;2
644;644;811;2
644;715;811;1
645;645;651;1
645;645;694;1
645;645;731;1
645;645;786;1
645;645;794;2
647;647;674;1
647;647;798;1
648;648;721;1
648;648;831;3
649;649;703;2
649;649;807;2
651;651;660;1
651;651;669;2
651;651;676;2
651;651;697;1
651;651;725;2
651;651;780;1
651;651;794;1
656;656;719;1
657;657;661;1
657;657;698;2
657;657;713;1
657;657;726;1
657;657;766;1
657;657;813;1
661;661;681;1
661;661;737;1
661;661;750;1
661;661;769;1
662;662;673;1
662;662;692;1
662;662;696;1
662;662;697;1
662;662;699;1
662;662;700;1
662;662;704;1
662;662;711;1
662;662;722;1
662;662;729;1
662;662;737;2
662;662;740;1
662;662;748;1
662;662;753;1
662;662;756;1
662;662;763;1
662;662;766;1
662;662;777;4
662;662;785;6
662;662;789;1
662;662;792;1
662;662;794;2
662;662;801;1
662;662;805;2
662;662;820;1
663;663;666;1
663;663;671;1
663;663;679;3
663;663;701;1
663;663;710;1
663;663;711;1
663;663;723;1
663;663;738;2
665;665;701;1
665;665;738;1
665;665;797;1
665;665;826;1
669;669;831;1
671;671;695;4
671;671;703;1
671;671;705;1
671;671;708;1
671;671;738;1
673;673;686;3
673;673;692;1
673;673;697;1
673;673;743;1
673;673;755;1
673;673;759;1
673;673;767;1
673;673;768;1
673;673;771;1
673;673;818;1
674;674;771;1
674;674;816;1
675;675;716;1
675;675;745;1
676;676;699;1
676;676;705;1
676;676;725;1
676;676;813;1
677;677;745;1
677;677;756;1
677;677;758;1
677;677;765;1
678;678;680;1
678;678;682;1
678;678;697;4
678;678;748;1
678;678;762;2
678;678;765;1
678;678;771;1
678;678;786;2
678;678;804;2
678;678;814;1
678;678;818;2
678;678;823;4
679;679;718;1
679;679;723;1
679;679;725;1
679;679;782;1
680;680;748;1
680;680;809;1
680;680;815;1
680;680;823;1
680;680;829;1
681;681;755;1
681;681;762;1
682;682;749;1
682;682;775;1
682;682;789;2
682;682;801;1
682;682;804;3
682;682;805;1
682;682;814;1
685;685;690;1
685;685;696;1
685;685;704;1
685;685;713;1
685;685;715;1
685;685;786;1
685;685;806;2
686;686;755;4
686;686;771;1
686;686;828;1
687;687;756;1
689;689;749;1
689;689;774;3
689;689;775;5
689;689;778;1
690;690;753;1
693;693;695;1
693;693;699;1
694;694;786;1
694;694;794;12
694;694;807;4
695;695;703;1
695;695;705;1
695;695;733;4
695;695;739;1
695;695;780;1
695;695;786;1
695;695;816;1
697;697;698;1
697;697;729;1
697;697;746;1
697;697;765;1
697;697;801;1
697;697;804;2
697;697;815;1
698;698;812;3
698;698;815;1
699;699;738;1
699;699;785;1
699;699;811;1
701;701;710;1
701;701;738;5
703;703;710;1
703;703;719;2
711;711;730;1
711;711;757;1
711;711;788;2
712;712;808;1
713;713;716;1
713;713;753;1
713;713;798;1
715;715;769;1
715;715;808;1
715;715;811;3
716;716;762;1
720;720;784;2
721;721;762;1
721;721;827;1
721;721;828;1
722;722;745;1
722;722;753;2
722;722;798;1
722;722;799;1
722;722;800;1
725;725;730;1
725;725;831;1
726;726;812;2
729;729;750;1
733;733;818;1
737;737;746;1
737;737;748;1
737;737;758;1
737;737;772;1
737;737;820;1
739;739;755;1
739;739;783;1
744;744;824;1
745;745;753;5
745;745;776;1
745;745;777;1
745;745;794;1
746;746;820;1
748;748;763;1
748;748;765;1
748;748;776;1
748;748;777;1
748;748;827;5
748;748;828;4
749;749;774;1
749;749;775;1
749;749;814;1
749;749;819;1
750;750;769;1
750;750;800;1
750;750;809;2
750;750;821;1
753;753;770;1
755;755;756;1
755;755;771;1
755;755;821;1
758;758;765;4
758;758;798;1
759;759;778;4
759;759;823;1
763;763;765;3
763;763;776;1
763;763;794;3
763;763;797;1
763;763;814;1
763;763;823;5
763;763;824;1
763;763;827;2
763;763;828;1
765;765;794;1
765;765;804;1
771;771;772;1
776;776;787;1
776;776;804;2
776;776;814;1
776;776;822;1
777;777;801;1
777;777;813;1
778;778;786;1
778;778;789;5
780;780;812;1
784;784;831;1
785;785;789;1
785;785;800;1
785;785;804;1
785;785;806;1
785;785;821;1
786;786;801;1
786;786;806;1
786;786;817;1
786;786;818;1
787;787;793;1
787;787;797;2
787;787;798;1
787;787;814;4
793;793;802;1
793;793;803;1
793;793;813;1
793;793;814;1
801;801;814;3
814;814;823;2
820;820;823;1
820;820;831;1
827;827;828;10
