dispth;eth;comnum;vcount;modularity
0.01;10;146;95319;0.345536418672
0.01;10;12;95319;0.349028736911
0.01;15;232;92508;0.347407336208
0.01;15;52;92508;0.350789366638
0.01;20;316;89347;0.348469996803
0.01;20;83;89347;0.351020545016
0.01;25;387;86863;0.349269445627
0.01;25;119;86863;0.351840998827
0.01;30;439;83859;0.349656429484
0.01;30;132;83859;0.351939018426
0.01;35;451;77085;0.348417067785
0.01;35;118;77085;0.351678937582
0.01;40;421;68376;0.347946402477
0.01;40;100;68376;0.351116364631
0.01;45;416;60200;0.347038324318
0.01;45;101;60200;0.350329435574
0.01;45;100;60200;0.350329801788
0.01;50;395;53549;0.346599867456
0.01;50;91;53549;0.350391686661
0.01;50;90;53549;0.350391999161
0.01;55;369;48150;0.346078510016
0.01;55;92;48150;0.34986094505
0.01;60;358;43654;0.345562112048
0.01;60;99;43654;0.349355800199
0.01;60;98;43654;0.34935618605
0.01;65;336;39719;0.344874880565
0.01;65;84;39719;0.348489125327
0.01;70;318;36416;0.344532886896
0.01;70;81;36416;0.348372837135
0.01;70;80;36416;0.348372837737
0.01;75;292;33661;0.344139953396
0.01;75;77;33661;0.348102430281
0.01;80;284;31209;0.343949501279
0.01;80;74;31209;0.34779584223
0.01;85;275;29092;0.343717283487
0.01;85;75;29092;0.347417475774
0.01;90;265;27219;0.3434594974
0.01;90;75;27219;0.347377304819
0.01;95;253;25543;0.343556898893
0.01;95;78;25543;0.347871735612
0.01;100;245;24111;0.343497023573
0.01;100;76;24111;0.347815679712
0.01;105;224;22762;0.343740582036
0.01;105;77;22762;0.347629035304
0.01;110;211;21544;0.343752927039
0.01;110;69;21544;0.347601040794
0.01;115;209;20408;0.343102112654
0.01;115;70;20408;0.347196490786
0.01;120;217;19386;0.343191540794
0.01;120;67;19386;0.34705302866
0.01;125;207;18432;0.342796721343
0.01;125;60;18432;0.346752292874
0.01;130;208;17606;0.342625886893
0.01;130;53;17606;0.34669508304
0.01;135;210;16864;0.342476290194
0.01;135;55;16864;0.346349143727
0.01;140;195;16153;0.342591851976
0.01;140;56;16153;0.346523154766
0.01;145;193;15498;0.342567002764
0.01;145;54;15498;0.346298904507
0.01;150;190;14918;0.342460906089
0.01;150;52;14918;0.346179704839
0.01;155;181;14350;0.341764800422
0.01;155;51;14350;0.345708068503
0.01;160;173;13839;0.342295640232
0.01;160;53;13839;0.346508731414
0.01;165;172;13371;0.342429811515
0.01;165;57;13371;0.34674425207
0.01;170;167;12925;0.342825323557
0.01;170;54;12925;0.346812075585
0.01;175;161;12496;0.342112075856
0.01;175;52;12496;0.3464465643
0.01;180;160;12095;0.342091454418
0.01;180;50;12095;0.346572594013
0.01;185;156;11703;0.342292817053
0.01;185;50;11703;0.346360321158
0.01;190;150;11341;0.342579637867
0.01;190;45;11341;0.34702506169
0.01;195;147;11028;0.342496003828
0.01;195;50;11028;0.346442943438
0.01;195;49;11028;0.346460065722
0.01;200;143;10665;0.342627306077
0.01;200;47;10665;0.346715592259
0.01;200;46;10665;0.346746776654
0.015;10;248;80670;0.429515157087
0.015;10;69;80670;0.449126518113
0.015;15;332;75889;0.436509887278
0.015;15;143;75889;0.458676816012
0.015;15;142;75889;0.458678263137
0.015;20;443;72454;0.442795814351
0.015;20;193;72454;0.462184734352
0.015;25;543;69873;0.454752476519
0.015;25;243;69873;0.466536315832
0.015;25;242;69873;0.466536512796
0.015;30;577;67187;0.456169508927
0.015;30;242;67187;0.468714560698
0.015;35;588;61709;0.458045698189
0.015;35;244;61709;0.470564856773
0.015;40;560;54695;0.459109381614
0.015;40;220;54695;0.472282997006
0.015;45;533;48076;0.459893389888
0.015;45;211;48076;0.473013151583
0.015;50;505;42670;0.459894790912
0.015;50;192;42670;0.472993707332
0.015;50;191;42670;0.472993810932
0.015;55;467;38240;0.463870188442
0.015;55;180;38240;0.474797493948
0.015;55;179;38240;0.474797587135
0.015;60;436;34527;0.460829645122
0.015;60;174;34527;0.474215923881
0.015;65;424;31373;0.46128323188
0.015;65;160;31373;0.475045166853
0.015;70;397;28744;0.465481169767
0.015;70;144;28744;0.476451787393
0.015;75;370;26509;0.465252033386
0.015;75;133;26509;0.47677106275
0.015;80;367;24470;0.458183862859
0.015;80;135;24470;0.470862721903
0.015;80;133;24470;0.470914393612
0.015;85;337;22780;0.467048313708
0.015;85;129;22780;0.478029995009
0.015;85;128;22780;0.478030576029
0.015;90;298;21292;0.457069337414
0.015;90;123;21292;0.478491813466
0.015;95;293;19918;0.452991118226
0.015;95;120;19918;0.473068464327
0.015;100;290;18776;0.457422175507
0.015;100;117;18776;0.479483968316
0.015;100;116;18776;0.479486659905
0.015;105;265;17699;0.458462034509
0.015;105;109;17699;0.480080485852
0.015;110;253;16744;0.454051622721
0.015;110;110;16744;0.474044895018
0.015;115;250;15886;0.459254737588
0.015;115;106;15886;0.481428027227
0.015;120;259;15053;0.468983000804
0.015;120;105;15053;0.482150021547
0.015;125;232;14299;0.459973746564
0.015;125;93;14299;0.481564638344
0.015;125;92;14299;0.481565266298
0.015;130;232;13641;0.456971562137
0.015;130;98;13641;0.477496116881
0.015;135;235;13046;0.456906833958
0.015;135;100;13046;0.477587737905
0.015;140;213;12460;0.461063039626
0.015;140;88;12460;0.483993534236
0.015;145;218;11949;0.456990377167
0.015;145;92;11949;0.47908244677
0.015;145;91;11949;0.479246195147
0.015;150;212;11486;0.457417838798
0.015;150;90;11486;0.478712841607
0.015;150;89;11486;0.478879647687
0.015;155;203;11030;0.459914716188
0.015;155;89;11030;0.480368856073
0.015;160;198;10634;0.451746711298
0.015;160;88;10634;0.478789967206
0.015;160;87;10634;0.478823458756
0.015;165;196;10243;0.460317389687
0.015;165;87;10243;0.48133032587
0.015;170;194;9900;0.460540742238
0.015;170;84;9900;0.481411784943
0.015;175;190;9567;0.458878905415
0.015;175;80;9567;0.481103550694
0.015;180;185;9224;0.449750003529
0.015;180;78;9224;0.480940579614
0.015;180;77;9224;0.480947065006
0.015;185;183;8904;0.461631199513
0.015;185;77;8904;0.482413864533
0.015;190;181;8607;0.453300700516
0.015;190;78;8607;0.480658317909
0.015;195;176;8347;0.471006178329
0.015;195;78;8347;0.482658293586
0.015;200;166;8062;0.476658688338
0.015;200;73;8062;0.489226140935
0.02;10;270;71610;0.482010208867
0.02;10;60;71610;0.503596019964
0.02;15;404;66915;0.4926452553
0.02;15;124;66915;0.513255142839
0.02;15;123;66915;0.513255246473
0.02;20;502;63128;0.499650639311
0.02;20;193;63128;0.519663581509
0.02;25;587;60215;0.508192054815
0.02;25;250;60215;0.525037527402
0.02;25;249;60215;0.525040421591
0.02;30;644;57497;0.512341025245
0.02;30;253;57497;0.529173564424
0.02;35;644;52752;0.517787961463
0.02;35;260;52752;0.533160521108
0.02;35;259;52752;0.53316087562
0.02;40;625;46808;0.516893771233
0.02;40;240;46808;0.533743774252
0.02;40;239;46808;0.533744144743
0.02;45;578;41127;0.518276583074
0.02;45;225;41127;0.535181190426
0.02;45;224;41127;0.535181600586
0.02;50;540;36441;0.519211740816
0.02;50;216;36441;0.535285453201
0.02;50;213;36441;0.535613918995
0.02;55;513;32626;0.5174135091
0.02;55;213;32626;0.536290237621
0.02;55;211;32626;0.536952034341
0.02;60;504;29438;0.5180214302
0.02;60;204;29438;0.537715859311
0.02;60;203;29438;0.537717937112
0.02;65;468;26695;0.518834317237
0.02;65;178;26695;0.538667669123
0.02;70;428;24415;0.519603633354
0.02;70;157;24415;0.538914860343
0.02;70;156;24415;0.539161141538
0.02;75;410;22480;0.520337015179
0.02;75;144;22480;0.53970496066
0.02;75;143;22480;0.539979091379
0.02;80;398;20739;0.520764760195
0.02;80;135;20739;0.54037377281
0.02;80;134;20739;0.540632825816
0.02;85;377;19303;0.520988902127
0.02;85;140;19303;0.541428348978
0.02;85;138;19303;0.541723426431
0.02;90;353;18034;0.521839177458
0.02;90;131;18034;0.542041367125
0.02;90;130;18034;0.542285222977
0.02;95;346;16868;0.522297790065
0.02;95;132;16868;0.542906152126
0.02;95;131;16868;0.543116434093
0.02;100;343;15901;0.523207981062
0.02;100;130;15901;0.543433322645
0.02;100;128;15901;0.54369932831
0.02;105;323;14966;0.523873292643
0.02;105;123;14966;0.543665261974
0.02;105;121;14966;0.544007788705
0.02;110;306;14149;0.524560640973
0.02;110;115;14149;0.544506897263
0.02;110;114;14149;0.544753790581
0.02;115;304;13420;0.525226048262
0.02;115;116;13420;0.54520868466
0.02;115;115;13420;0.545423093551
0.02;120;299;12730;0.526029338742
0.02;120;114;12730;0.546202208514
0.02;120;113;12730;0.546231013745
0.02;125;286;12064;0.52660807137
0.02;125;106;12064;0.546800812165
0.02;125;104;12064;0.546854174019
0.02;130;285;11492;0.527098045606
0.02;130;107;11492;0.547345993506
0.02;130;106;11492;0.547409442844
0.02;135;277;10984;0.527470227968
0.02;135;111;10984;0.547730386077
0.02;135;109;10984;0.547811008115
0.02;140;260;10476;0.527530805531
0.02;140;100;10476;0.548135793808
0.02;140;99;10476;0.548143954949
0.02;145;258;10053;0.528197443333
0.02;145;104;10053;0.548743716591
0.02;145;103;10053;0.548747072067
0.02;150;254;9683;0.529240125876
0.02;150;105;9683;0.54937137803
0.02;155;250;9295;0.529633194737
0.02;155;108;9295;0.549543983988
0.02;155;107;9295;0.549610369017
0.02;160;241;8976;0.530347116444
0.02;160;103;8976;0.550354604554
0.02;160;102;8976;0.550367202377
0.02;165;233;8627;0.53116903064
0.02;165;105;8627;0.55099166968
0.02;165;104;8627;0.551166625211
0.02;170;227;8337;0.531249637179
0.02;170;100;8337;0.551500808998
0.02;170;99;8337;0.551738935773
0.02;175;217;8063;0.531844620116
0.02;175;93;8063;0.551702558958
0.02;175;92;8063;0.551957299289
0.02;180;210;7775;0.532516428414
0.02;180;90;7775;0.55207578706
0.02;180;89;7775;0.552391090509
0.02;185;202;7496;0.532088882726
0.02;185;86;7496;0.552195184464
0.02;185;84;7496;0.552460215116
0.02;190;200;7238;0.53257302729
0.02;190;87;7238;0.553010687429
0.02;190;85;7238;0.553273715055
0.02;195;198;7016;0.533459847241
0.02;195;83;7016;0.554009630779
0.02;195;81;7016;0.55438308595
0.02;200;193;6773;0.534048080327
0.02;200;84;6773;0.554314103489
0.02;200;82;6773;0.554617501229
0.025;10;303;64148;0.509971167059
0.025;10;59;64148;0.536066002907
0.025;10;58;64148;0.536066175767
0.025;15;452;59377;0.523975754847
0.025;15;111;59377;0.549326400161
0.025;15;110;59377;0.549326610966
0.025;20;600;55569;0.530312530487
0.025;20;170;55569;0.554363104435
0.025;20;169;55569;0.554365615053
0.025;25;717;52606;0.535885879747
0.025;25;241;52606;0.560009205443
0.025;25;240;52606;0.5600093558
0.025;30;775;49966;0.539923963383
0.025;30;260;49966;0.565279833086
0.025;35;791;45801;0.545546200128
0.025;35;286;45801;0.567963361391
0.025;35;283;45801;0.567966386645
0.025;40;757;40625;0.547549810674
0.025;40;281;40625;0.569957886053
0.025;40;279;40625;0.570006630506
0.025;45;690;35664;0.549174248623
0.025;45;259;35664;0.57200638696
0.025;45;258;35664;0.57200902424
0.025;50;655;31574;0.55162549249
0.025;50;250;31574;0.574776768746
0.025;50;248;31574;0.574779990653
0.025;55;603;28223;0.550634424183
0.025;55;235;28223;0.573662119103
0.025;55;233;28223;0.573667194586
0.025;60;583;25433;0.5542440266
0.025;60;226;25433;0.576866898671
0.025;60;224;25433;0.576868358097
0.025;65;549;23059;0.55546000713
0.025;65;215;23059;0.578034703858
0.025;65;213;23059;0.578045101984
0.025;70;508;21055;0.556083328201
0.025;70;192;21055;0.578799944593
0.025;70;191;21055;0.578800206319
0.025;75;480;19370;0.55686318845
0.025;75;178;19370;0.579454509242
0.025;75;177;19370;0.579461199002
0.025;80;467;17862;0.55763363208
0.025;80;178;17862;0.580351054795
0.025;80;177;17862;0.58035845806
0.025;85;441;16611;0.558535481388
0.025;85;176;16611;0.581036506679
0.025;85;174;16611;0.581045669636
0.025;90;428;15517;0.558715116295
0.025;90;173;15517;0.581742991353
0.025;90;172;15517;0.581751424206
0.025;95;410;14504;0.559917485552
0.025;95;170;14504;0.582153840201
0.025;100;399;13673;0.559160181507
0.025;100;170;13673;0.583023384653
0.025;105;382;12873;0.560117820696
0.025;105;155;12873;0.583079143911
0.025;110;369;12167;0.561087004403
0.025;110;141;12167;0.584357409197
0.025;115;358;11534;0.561485534749
0.025;115;137;11534;0.584951829583
0.025;115;136;11534;0.584956580058
0.025;120;344;10930;0.562230535504
0.025;120;136;10930;0.585826995664
0.025;120;134;10930;0.585844307662
0.025;125;330;10345;0.562538777979
0.025;125;125;10345;0.583810941015
0.025;125;123;10345;0.583829197353
0.025;130;321;9829;0.562536408724
0.025;130;118;9829;0.583800364287
0.025;130;116;9829;0.584414744344
0.025;135;309;9390;0.562686558865
0.025;135;117;9390;0.583962980153
0.025;135;115;9390;0.584692166151
0.025;140;296;8951;0.562712967688
0.025;140;113;8951;0.584977894854
0.025;140;111;8951;0.585726312342
0.025;145;288;8566;0.562726809495
0.025;145;110;8566;0.585377940972
0.025;145;108;8566;0.586102312171
0.025;150;286;8244;0.563012003618
0.025;150;109;8244;0.585728229693
0.025;150;108;8244;0.586441860672
0.025;155;275;7901;0.563618003309
0.025;155;108;7901;0.585851217572
0.025;155;107;7901;0.586307712321
0.025;160;270;7626;0.563665590854
0.025;160;110;7626;0.586764026163
0.025;160;109;7626;0.587394329427
0.025;165;257;7331;0.563807045243
0.025;165;103;7331;0.58661669928
0.025;165;102;7331;0.587172399332
0.025;170;257;7074;0.564720656364
0.025;170;100;7074;0.589831748455
0.025;175;244;6819;0.564781576029
0.025;175;93;6819;0.587242867828
0.025;175;92;6819;0.587776418777
0.025;180;240;6573;0.565409749562
0.025;180;88;6573;0.588307639505
0.025;180;87;6573;0.588901419103
0.025;185;233;6333;0.56672596263
0.025;185;86;6333;0.587989273987
0.025;185;85;6333;0.588546740889
0.025;190;230;6113;0.566490249798
0.025;190;83;6113;0.588853441276
0.025;190;82;6113;0.589443613132
0.025;195;227;5913;0.56766029399
0.025;195;78;5913;0.589403408169
0.025;195;77;5913;0.59001241266
0.025;200;217;5705;0.568543984791
0.025;200;78;5705;0.589353209433
0.025;200;75;5705;0.590031991844
0.03;10;364;57738;0.545219267869
0.03;10;61;57738;0.570228987767
0.03;10;59;57738;0.572157811579
0.03;15;564;53013;0.556884446045
0.03;15;139;53013;0.58273306747
0.03;15;138;53013;0.584134506579
0.03;20;725;49183;0.564632002067
0.03;20;224;49183;0.588568626297
0.03;20;218;49183;0.590675214564
0.03;25;861;46329;0.559636232031
0.03;25;302;46329;0.594066398094
0.03;25;294;46329;0.595549443902
0.03;30;954;43835;0.559571160271
0.03;30;343;43835;0.59914325603
0.03;30;337;43835;0.600147873579
0.03;35;962;40145;0.569129099272
0.03;35;381;40145;0.602181456661
0.03;35;375;40145;0.60382527844
0.03;40;898;35611;0.580080600252
0.03;40;364;35611;0.604734660608
0.03;40;358;35611;0.605970444413
0.03;45;847;31279;0.581480852026
0.03;45;346;31279;0.607157867514
0.03;45;341;31279;0.607788817543
0.03;50;790;27674;0.582733185026
0.03;50;317;27674;0.608107439982
0.03;50;314;27674;0.608730419867
0.03;55;734;24706;0.583845980909
0.03;55;304;24706;0.608967719867
0.03;55;300;24706;0.609523996158
0.03;60;696;22236;0.579358781607
0.03;60;288;22236;0.609548820102
0.03;60;285;22236;0.610129519681
0.03;65;654;20163;0.579304439818
0.03;65;277;20163;0.611278092998
0.03;65;274;20163;0.611760648767
0.03;70;612;18385;0.580630405981
0.03;70;256;18385;0.61237996423
0.03;70;252;18385;0.612922176502
0.03;75;561;16929;0.581789903554
0.03;75;232;16929;0.613445080397
0.03;75;230;16929;0.613580379004
0.03;80;542;15598;0.582658591947
0.03;80;227;15598;0.614141308604
0.03;80;225;15598;0.614269403669
0.03;85;514;14489;0.585876703172
0.03;85;219;14489;0.614921371905
0.03;85;217;14489;0.615524367238
0.03;90;490;13501;0.585136285065
0.03;90;218;13501;0.615407996842
0.03;90;215;13501;0.616026815062
0.03;95;468;12623;0.586045424793
0.03;95;215;12623;0.616206830542
0.03;95;211;12623;0.617261700909
0.03;100;453;11891;0.586971307553
0.03;100;202;11891;0.616670461767
0.03;100;198;11891;0.617701367715
0.03;105;434;11182;0.595396346803
0.03;105;193;11182;0.617719695027
0.03;105;189;11182;0.618525859853
0.03;110;409;10548;0.596410904157
0.03;110;175;10548;0.617346050712
0.03;110;171;10548;0.618415809279
0.03;115;394;9995;0.598506005159
0.03;115;169;9995;0.619500434142
0.03;115;168;9995;0.619513703424
0.03;120;383;9463;0.595583323272
0.03;120;160;9463;0.618849614136
0.03;120;158;9463;0.619844949814
0.03;125;370;8942;0.594999130825
0.03;125;149;8942;0.619248081475
0.03;125;147;8942;0.620258231863
0.03;130;358;8488;0.598895326424
0.03;130;152;8488;0.620966003032
0.03;130;151;8488;0.620981108035
0.03;135;345;8113;0.596717213678
0.03;135;148;8113;0.620042861726
0.03;135;146;8113;0.621091195899
0.03;140;323;7717;0.599026048636
0.03;140;141;7717;0.620422076853
0.03;140;137;7717;0.620807450305
0.03;145;315;7389;0.601466947639
0.03;145;137;7389;0.622084513477
0.03;145;135;7389;0.622120841937
0.03;150;308;7097;0.600919011611
0.03;150;137;7097;0.622374108253
0.03;150;135;7097;0.622387721397
0.03;155;288;6801;0.601604049641
0.03;155;134;6801;0.622419430807
0.03;155;131;6801;0.622435457242
0.03;160;283;6560;0.60317931683
0.03;160;132;6560;0.623075753764
0.03;160;129;6560;0.623125956152
0.03;165;273;6314;0.603196370022
0.03;165;129;6314;0.623203193751
0.03;170;267;6096;0.602929605312
0.03;170;129;6096;0.623186283731
0.03;170;128;6096;0.623189146355
0.03;175;258;5861;0.603838865074
0.03;175;122;5861;0.623623426837
0.03;175;120;5861;0.623674898544
0.03;180;249;5652;0.603773112652
0.03;180;119;5652;0.623969925958
0.03;180;117;5652;0.6240429513
0.03;185;243;5447;0.604166988621
0.03;185;113;5447;0.624138375518
0.03;185;111;5447;0.624170800342
0.03;190;242;5264;0.604103882381
0.03;190;109;5264;0.623936640503
0.03;190;107;5264;0.623955139152
0.03;195;238;5087;0.604381093694
0.03;195;105;5087;0.624183824111
0.03;200;236;4913;0.596387839001
0.03;200;100;4913;0.624647266886
0.035;10;405;52481;0.586100853433
0.035;10;68;52481;0.605075816371
0.035;15;603;48035;0.589965637144
0.035;15;158;48035;0.618152366912
0.035;15;156;48035;0.618156607871
0.035;20;740;44332;0.598230211372
0.035;20;243;44332;0.626759649415
0.035;20;238;44332;0.62677141176
0.035;25;900;41614;0.605254403985
0.035;25;340;41614;0.632935325862
0.035;25;336;41614;0.63295493536
0.035;25;335;41614;0.632955970929
0.035;30;976;39258;0.60902087682
0.035;30;382;39258;0.635956796297
0.035;30;376;39258;0.637429485777
0.035;30;375;39258;0.637429643299
0.035;35;964;35945;0.613066256762
0.035;35;402;35945;0.639334423596
0.035;35;396;35945;0.640759496142
0.035;40;910;31924;0.615866292275
0.035;40;387;31924;0.641609709436
0.035;40;383;31924;0.643037120238
0.035;45;858;28019;0.617400164115
0.035;45;371;28019;0.643226319101
0.035;45;366;28019;0.644741689628
0.035;50;793;24776;0.618555069426
0.035;50;348;24776;0.644273257552
0.035;50;345;24776;0.645880039416
0.035;55;732;22101;0.615412020912
0.035;55;329;22101;0.643662593803
0.035;55;325;22101;0.64522078093
0.035;60;683;19835;0.615839036993
0.035;60;310;19835;0.646759910264
0.035;60;306;19835;0.64682861476
0.035;65;634;18003;0.616154697238
0.035;65;305;18003;0.646815567542
0.035;65;301;18003;0.646874671209
0.035;70;592;16386;0.61642433908
0.035;70;287;16386;0.647479399859
0.035;70;284;16386;0.647502664432
0.035;75;545;15072;0.617470974651
0.035;75;260;15072;0.648084031292
0.035;75;258;15072;0.648097231436
0.035;80;521;13885;0.61829997265
0.035;80;254;13885;0.648752803939
0.035;80;252;13885;0.648779278058
0.035;85;494;12898;0.618635496193
0.035;85;246;12898;0.649492994751
0.035;85;243;12898;0.649521952218
0.035;90;478;11987;0.6196401237
0.035;90;244;11987;0.650574423425
0.035;90;241;11987;0.650657064043
0.035;95;451;11209;0.620059374065
0.035;95;225;11209;0.650867755487
0.035;95;220;11209;0.650964332455
0.035;100;444;10561;0.61979932692
0.035;100;221;10561;0.651089234046
0.035;100;218;10561;0.651143229671
0.035;105;422;9909;0.620610277155
0.035;105;213;9909;0.649949990299
0.035;105;211;9909;0.649967276838
0.035;110;401;9335;0.621544061759
0.035;110;195;9335;0.650305871902
0.035;110;194;9335;0.650319304554
0.035;115;386;8854;0.621913312636
0.035;115;192;8854;0.651374921763
0.035;115;191;8854;0.651383229867
0.035;120;378;8367;0.621983280622
0.035;120;190;8367;0.654294572352
0.035;120;188;8367;0.654325852386
0.035;125;367;7905;0.621860438994
0.035;125;178;7905;0.654184737823
0.035;125;176;7905;0.65421539784
0.035;130;355;7499;0.622125867411
0.035;130;177;7499;0.654861370982
0.035;130;174;7499;0.654894291206
0.035;135;347;7164;0.622098190883
0.035;135;173;7164;0.65528956677
0.035;135;170;7164;0.655317312855
0.035;140;325;6822;0.622681169523
0.035;140;163;6822;0.65598890862
0.035;140;160;6822;0.656019692944
0.035;145;315;6535;0.623633009694
0.035;145;160;6535;0.656268709798
0.035;145;157;6535;0.656282560698
0.035;150;305;6289;0.62491627791
0.035;150;151;6289;0.654478235886
0.035;150;148;6289;0.654502601676
0.035;155;288;6014;0.624752724498
0.035;155;148;6014;0.654455235444
0.035;155;146;6014;0.654464670066
0.035;160;280;5779;0.624760475739
0.035;160;142;5779;0.65494906712
0.035;160;139;5779;0.654960474207
0.035;165;265;5559;0.624256482685
0.035;165;132;5559;0.655071369227
0.035;170;259;5362;0.624573201411
0.035;170;132;5362;0.657080726509
0.035;175;249;5158;0.62507922386
0.035;175;127;5158;0.65766235604
0.035;180;239;4977;0.626054891065
0.035;180;124;4977;0.657834380681
0.035;180;122;4977;0.65784170523
0.035;185;234;4799;0.62680824433
0.035;185;117;4799;0.657950048108
0.035;185;116;4799;0.657954379167
0.035;190;234;4633;0.626148257984
0.035;190;116;4633;0.657752728624
0.035;190;115;4633;0.657758060277
0.035;195;229;4478;0.626032371752
0.035;195;113;4478;0.657989843639
0.035;200;222;4317;0.626445598575
0.035;200;108;4317;0.65795165971
0.04;10;507;47711;0.614008396108
0.04;10;93;47711;0.632531561239
0.04;10;89;47711;0.632556914868
0.04;15;698;43390;0.627860044129
0.04;15;187;43390;0.645760713208
0.04;15;177;43390;0.645797091522
0.04;20;861;39725;0.63510719467
0.04;20;291;39725;0.653191238703
0.04;20;283;39725;0.653228799179
0.04;25;996;37092;0.642469846685
0.04;25;404;37092;0.65976534851
0.04;25;392;37092;0.659945904861
0.04;30;1056;34832;0.645626278115
0.04;30;448;34832;0.664020022753
0.04;30;436;34832;0.664214543031
0.04;30;435;34832;0.664215051748
0.04;35;1052;31809;0.649540478422
0.04;35;474;31809;0.667851685311
0.04;35;464;31809;0.66838013532
0.04;40;987;28216;0.652195158214
0.04;40;455;28216;0.669581599415
0.04;40;449;28216;0.670176305627
0.04;45;923;24723;0.652882633388
0.04;45;429;24723;0.671300226134
0.04;45;421;24723;0.671881135693
0.04;50;863;21876;0.653021579086
0.04;50;400;21876;0.672867221615
0.04;50;393;21876;0.673055545563
0.04;55;792;19473;0.654102245467
0.04;55;373;19473;0.673889362821
0.04;55;364;19473;0.674028119046
0.04;60;737;17466;0.655612239373
0.04;60;344;17466;0.674978341649
0.04;60;337;17466;0.675047029411
0.04;65;681;15806;0.654538269542
0.04;65;320;15806;0.675243431107
0.04;65;315;15806;0.675262439524
0.04;70;643;14376;0.655151048383
0.04;70;319;14376;0.675475277874
0.04;70;315;14376;0.675503506034
0.04;75;585;13202;0.655750877438
0.04;75;295;13202;0.675842699219
0.04;75;292;13202;0.675851552995
0.04;80;562;12129;0.655009536432
0.04;80;283;12129;0.676015595211
0.04;80;282;12129;0.67601983132
0.04;85;536;11269;0.654953098684
0.04;85;269;11269;0.676092301473
0.04;85;268;11269;0.676096444983
0.04;90;520;10444;0.657019716597
0.04;90;265;10444;0.677574479311
0.04;90;263;10444;0.677629052379
0.04;95;497;9758;0.657245046261
0.04;95;244;9758;0.67822119503
0.04;95;242;9758;0.678283807578
0.04;100;487;9181;0.658625557506
0.04;100;237;9181;0.678392223372
0.04;100;233;9181;0.678490584412
0.04;105;464;8591;0.657976839032
0.04;105;229;8591;0.679611225046
0.04;105;227;8591;0.679651063925
0.04;110;434;8086;0.658289426543
0.04;110;212;8086;0.679722490968
0.04;110;211;8086;0.679756381618
0.04;115;417;7667;0.660842582661
0.04;115;205;7667;0.680539306562
0.04;115;203;7667;0.680600161638
0.04;120;407;7246;0.659720279653
0.04;120;205;7246;0.680159356753
0.04;120;203;7246;0.680214565699
0.04;125;393;6850;0.659393051016
0.04;125;193;6850;0.680579688584
0.04;125;190;6850;0.68065291765
0.04;130;384;6499;0.660365040279
0.04;130;195;6499;0.680758203952
0.04;130;191;6499;0.680812834579
0.04;135;369;6213;0.661074418098
0.04;135;190;6213;0.680767296551
0.04;135;187;6213;0.68078676727
0.04;140;346;5912;0.661314788285
0.04;140;179;5912;0.681205148236
0.04;140;177;5912;0.681223136828
0.04;145;336;5655;0.661299692354
0.04;145;172;5655;0.681551652063
0.04;145;170;5655;0.681586311283
0.04;150;325;5432;0.66191115298
0.04;150;164;5432;0.681842198946
0.04;150;160;5432;0.682000937795
0.04;155;310;5198;0.662138729187
0.04;155;167;5198;0.682006859492
0.04;155;165;5198;0.682061940043
0.04;160;303;4996;0.662081679554
0.04;160;156;4996;0.682532491476
0.04;160;154;4996;0.682573115723
0.04;165;292;4801;0.662892234311
0.04;165;153;4801;0.682234019911
0.04;165;152;4801;0.682245631599
0.04;170;283;4631;0.663292167647
0.04;170;154;4631;0.682396037348
0.04;170;151;4631;0.682476971362
0.04;175;272;4456;0.663943946287
0.04;175;146;4456;0.682237007111
0.04;175;143;4456;0.682319350849
0.04;180;257;4298;0.663336972623
0.04;180;144;4298;0.68159631577
0.04;180;141;4298;0.681668727899
0.04;185;252;4143;0.664740700985
0.04;185;138;4143;0.681689087566
0.04;185;136;4143;0.681722006306
0.04;190;249;3994;0.66468132914
0.04;190;136;3994;0.681557593889
0.04;190;134;3994;0.681592240544
0.04;195;241;3866;0.664444040422
0.04;195;131;3866;0.681773515491
0.04;195;129;3866;0.681831449662
0.04;200;234;3726;0.664402001916
0.04;200;128;3726;0.682015236383
0.04;200;127;3726;0.682043086999
0.045;10;520;43730;0.638090135417
0.045;10;89;43730;0.654550258881
0.045;10;85;43730;0.654581446199
0.045;15;728;39581;0.649157047415
0.045;15;206;39581;0.666475291311
0.045;15;192;39581;0.667157442415
0.045;20;883;36057;0.657138857692
0.045;20;315;36057;0.675464223285
0.045;20;300;36057;0.675692112592
0.045;25;1033;33540;0.663492539389
0.045;25;402;33540;0.682421929612
0.045;25;389;33540;0.682614471804
0.045;30;1098;31380;0.668177205451
0.045;30;456;31380;0.687218105572
0.045;30;443;31380;0.68762305052
0.045;35;1084;28636;0.674686979641
0.045;35;478;28636;0.691870076309
0.045;35;463;28636;0.692012867266
0.045;35;462;28636;0.692014592389
0.045;40;1033;25408;0.677948362757
0.045;40;459;25408;0.694349822842
0.045;40;447;25408;0.694592025558
0.045;45;958;22251;0.6795713777
0.045;45;438;22251;0.695928884429
0.045;45;424;22251;0.69615631835
0.045;50;872;19652;0.680451489007
0.045;50;399;19652;0.696811354322
0.045;50;388;19652;0.696915392734
0.045;55;822;17472;0.681053831923
0.045;55;376;17472;0.698091302427
0.045;55;366;17472;0.698285599715
0.045;60;755;15651;0.682811476169
0.045;60;344;15651;0.698996554699
0.045;60;336;15651;0.699094107151
0.045;65;686;14142;0.682884727815
0.045;65;323;14142;0.698976830887
0.045;65;313;14142;0.699101211947
0.045;70;646;12838;0.682148748824
0.045;70;317;12838;0.698175694451
0.045;70;307;12838;0.698346442582
0.045;75;605;11795;0.682812967214
0.045;75;310;11795;0.699328669553
0.045;75;303;11795;0.699457945132
0.045;80;571;10840;0.683694393082
0.045;80;298;10840;0.699879322533
0.045;80;291;10840;0.700009339249
0.045;85;546;10075;0.684592793964
0.045;85;283;10075;0.700372103994
0.045;85;278;10075;0.700455408966
0.045;90;522;9334;0.685357133555
0.045;90;277;9334;0.701151646777
0.045;90;274;9334;0.70117116422
0.045;95;495;8730;0.686597440896
0.045;95;264;8730;0.701704004719
0.045;95;260;8730;0.701778216798
0.045;100;479;8204;0.686066621232
0.045;100;258;8204;0.702019108006
0.045;100;251;8204;0.702169608558
0.045;105;458;7672;0.686233986855
0.045;105;247;7672;0.70267707373
0.045;105;241;7672;0.702827087198
0.045;110;430;7215;0.686268823526
0.045;110;224;7215;0.701965531488
0.045;110;218;7215;0.702083023815
0.045;115;408;6814;0.685752983189
0.045;115;207;6814;0.702047264789
0.045;115;204;6814;0.702107899795
0.045;120;392;6446;0.686177896583
0.045;120;207;6446;0.702166584164
0.045;120;203;6446;0.702507217928
0.045;125;375;6085;0.685565286779
0.045;125;194;6085;0.702199144112
0.045;125;188;6085;0.702624124795
0.045;130;368;5767;0.686147438141
0.045;130;196;5767;0.703758075467
0.045;130;191;5767;0.703863715902
0.045;135;357;5507;0.685877091753
0.045;135;189;5507;0.702601460924
0.045;135;185;5507;0.703316570552
0.045;140;339;5245;0.687167504822
0.045;140;179;5245;0.703883658798
0.045;140;176;5245;0.703980988305
0.045;145;340;5020;0.687041705076
0.045;145;177;5020;0.704281544125
0.045;145;173;5020;0.704471571031
0.045;150;325;4827;0.688453401147
0.045;150;171;4827;0.705173754072
0.045;150;165;4827;0.705478904498
0.045;155;310;4606;0.688983439251
0.045;155;171;4606;0.70458021691
0.045;155;168;4606;0.705413675119
0.045;160;305;4424;0.689201213229
0.045;160;165;4424;0.705377597462
0.045;160;162;4424;0.705477249695
0.045;165;291;4241;0.689715081755
0.045;165;160;4241;0.704662489464
0.045;165;158;4241;0.705402016253
0.045;170;280;4084;0.689058290581
0.045;170;161;4084;0.703821940351
0.045;170;157;4084;0.704115673273
0.045;175;270;3925;0.689923191809
0.045;175;150;3925;0.704111286487
0.045;175;146;3925;0.704779090443
0.045;180;259;3779;0.690215051591
0.045;180;146;3779;0.704553058939
0.045;180;142;3779;0.705089532306
0.045;185;252;3639;0.690695021801
0.045;185;144;3639;0.704862965611
0.045;185;140;3639;0.705324928009
0.045;190;248;3506;0.690455938671
0.045;190;142;3506;0.705079016085
0.045;190;138;3506;0.705498888866
0.045;195;238;3396;0.690181009745
0.045;195;134;3396;0.70505761014
0.045;195;130;3396;0.705481650953
0.045;200;231;3277;0.690022286283
0.045;200;134;3277;0.705351061583
0.045;200;131;3277;0.705717289478
0.05;10;636;39968;0.669294554451
0.05;10;122;39968;0.690969722445
0.05;10;109;39968;0.691258482729
0.05;15;862;35796;0.684630565734
0.05;15;259;35796;0.706700443333
0.05;15;234;35796;0.707015338388
0.05;15;233;35796;0.707016234272
0.05;20;993;32410;0.693179641828
0.05;20;381;32410;0.715923383282
0.05;20;363;32410;0.716108276596
0.05;25;1120;29978;0.697432692491
0.05;25;486;29978;0.723446085975
0.05;25;469;29978;0.723700276032
0.05;30;1199;27953;0.704032111438
0.05;30;542;27953;0.729636048968
0.05;30;522;27953;0.729915287156
0.05;35;1202;25456;0.708248436938
0.05;35;555;25456;0.734130347206
0.05;35;540;25456;0.734469415252
0.05;40;1141;22521;0.711305399729
0.05;40;530;22521;0.737342231684
0.05;40;521;22521;0.737594090021
0.05;45;1063;19688;0.714172981341
0.05;45;517;19688;0.739486143272
0.05;45;506;19688;0.739673682041
0.05;50;964;17360;0.715988137262
0.05;50;469;17360;0.741106423795
0.05;50;458;17360;0.741281224254
0.05;55;886;15421;0.717253081336
0.05;55;442;15421;0.742246308786
0.05;55;429;15421;0.742492977617
0.05;60;811;13800;0.718234244825
0.05;60;400;13800;0.743647248338
0.05;60;390;13800;0.743855952142
0.05;65;738;12463;0.719061246786
0.05;65;376;12463;0.744626223182
0.05;65;364;12463;0.744896849556
0.05;70;695;11312;0.720326766979
0.05;70;361;11312;0.745725122603
0.05;70;352;11312;0.745906662804
0.05;75;648;10388;0.721122901371
0.05;75;342;10388;0.746485488774
0.05;75;333;10388;0.746784385151
0.05;80;620;9539;0.722725817822
0.05;80;326;9539;0.747502072422
0.05;80;317;9539;0.747710243399
0.05;85;570;8844;0.724188591095
0.05;85;307;8844;0.748093819114
0.05;85;299;8844;0.748241972177
0.05;90;546;8186;0.724585503018
0.05;90;303;8186;0.748381955537
0.05;90;297;8186;0.748467145639
0.05;95;525;7657;0.724816500523
0.05;95;292;7657;0.74907666063
0.05;95;288;7657;0.749150794202
0.05;100;505;7184;0.722237771718
0.05;100;281;7184;0.749357260087
0.05;100;276;7184;0.749525847143
0.05;105;478;6710;0.72648139262
0.05;105;275;6710;0.750236387373
0.05;105;267;6710;0.750388051312
0.05;110;457;6300;0.726449371933
0.05;110;248;6300;0.750679969559
0.05;110;242;6300;0.750750284336
0.05;115;433;5942;0.727239541132
0.05;115;238;5942;0.750331535091
0.05;115;234;5942;0.750397163434
0.05;120;419;5612;0.727521020595
0.05;120;235;5612;0.750011392729
0.05;120;231;5612;0.750082504364
0.05;125;403;5285;0.724069921948
0.05;125;217;5285;0.750790202169
0.05;125;212;5285;0.750882662048
0.05;130;390;5005;0.723986813604
0.05;130;210;5005;0.750961378854
0.05;130;206;5005;0.751070715151
0.05;135;379;4797;0.724616069348
0.05;135;209;4797;0.751545704764
0.05;135;206;4797;0.751609472568
0.05;140;356;4570;0.725408478975
0.05;140;197;4570;0.751918120513
0.05;140;194;4570;0.751986304155
0.05;145;351;4371;0.7297829109
0.05;145;193;4371;0.752551427313
0.05;145;190;4371;0.752740414878
0.05;150;337;4194;0.724418304248
0.05;150;188;4194;0.752854350344
0.05;150;185;4194;0.753289973948
0.05;155;323;3995;0.725948909159
0.05;155;186;3995;0.75314198708
0.05;155;184;3995;0.753464455835
0.05;160;312;3829;0.727573398444
0.05;160;176;3829;0.753923606016
0.05;160;174;3829;0.754126873339
0.05;165;301;3676;0.728292134479
0.05;165;172;3676;0.754245300002
0.05;165;170;3676;0.754432840082
0.05;170;290;3521;0.728704427119
0.05;170;169;3521;0.754309251385
0.05;170;166;3521;0.754420147252
0.05;175;284;3382;0.727140276441
0.05;175;162;3382;0.754586611836
0.05;175;159;3382;0.754701170824
0.05;180;272;3255;0.727977554512
0.05;180;155;3255;0.754630374419
0.05;180;152;3255;0.75474766417
0.05;185;263;3137;0.728671463126
0.05;185;152;3137;0.754885302083
0.05;185;150;3137;0.754947724342
0.05;190;264;3029;0.731600877224
0.05;190;147;3029;0.754765142383
0.05;190;145;3029;0.754852930537
0.05;195;253;2923;0.730997496914
0.05;195;138;2923;0.754968467829
0.05;195;137;2923;0.75505423589
0.05;200;242;2819;0.731365353975
0.05;200;133;2819;0.755339406611
0.055;10;678;37027;0.689371851319
0.055;10;135;37027;0.712408176209
0.055;10;115;37027;0.712764774421
0.055;15;895;33049;0.703318345436
0.055;15;268;33049;0.726366250627
0.055;15;241;33049;0.726875043341
0.055;20;1024;29778;0.712169956537
0.055;20;394;29778;0.736459387305
0.055;20;376;29778;0.736830052651
0.055;25;1166;27438;0.716438422036
0.055;25;495;27438;0.742860666259
0.055;25;478;27438;0.743148285019
0.055;25;477;27438;0.743149460238
0.055;30;1235;25499;0.722935350977
0.055;30;561;25499;0.749091455116
0.055;30;544;25499;0.749314831405
0.055;35;1217;23149;0.727362047613
0.055;35;562;23149;0.753664063037
0.055;35;542;23149;0.753981696945
0.055;35;541;23149;0.753985790794
0.055;40;1149;20473;0.730702306274
0.055;40;540;20473;0.756784328228
0.055;40;527;20473;0.757155302755
0.055;45;1074;17886;0.735227762696
0.055;45;530;17886;0.760610192897
0.055;45;515;17886;0.760933700476
0.055;50;968;15738;0.73305195223
0.055;50;480;15738;0.761714953197
0.055;50;467;15738;0.76200740068
0.055;50;466;15738;0.762008673536
0.055;55;874;13959;0.733516698324
0.055;55;445;13959;0.762793512309
0.055;55;431;13959;0.763163545948
0.055;60;814;12517;0.734268310471
0.055;60;412;12517;0.763614460484
0.055;60;401;12517;0.763918957435
0.055;65;748;11297;0.73627710383
0.055;65;386;11297;0.764666983828
0.055;65;372;11297;0.764955050573
0.055;70;704;10260;0.737793698514
0.055;70;375;10260;0.765614784111
0.055;70;361;10260;0.765824504697
0.055;75;656;9416;0.73788041679
0.055;75;355;9416;0.765754573777
0.055;75;342;9416;0.766031774429
0.055;80;619;8647;0.737620038028
0.055;80;341;8647;0.766982511652
0.055;80;333;8647;0.767230670465
0.055;85;575;8029;0.739857258021
0.055;85;328;8029;0.767334299511
0.055;85;320;8029;0.767584396901
0.055;90;555;7441;0.739900837086
0.055;90;323;7441;0.767603380519
0.055;90;315;7441;0.767785689721
0.055;95;528;6951;0.741221671728
0.055;95;311;6951;0.768210579313
0.055;95;302;6951;0.768360760255
0.055;100;508;6508;0.741732071623
0.055;100;304;6508;0.768227327954
0.055;100;297;6508;0.768364068383
0.055;105;479;6075;0.742365353517
0.055;105;285;6075;0.769300007711
0.055;105;281;6075;0.769383188024
0.055;110;451;5688;0.742786174898
0.055;110;260;5688;0.769777699598
0.055;110;257;5688;0.769821374457
0.055;115;435;5364;0.742149886678
0.055;115;252;5364;0.770120557375
0.055;115;249;5364;0.770169809634
0.055;120;429;5083;0.74076386527
0.055;120;252;5083;0.770170378352
0.055;120;248;5083;0.770236715141
0.055;125;411;4781;0.738962237319
0.055;125;240;4781;0.77040984762
0.055;125;235;4781;0.770517584151
0.055;130;395;4520;0.740196067095
0.055;130;228;4520;0.770521337567
0.055;130;226;4520;0.770547412395
0.055;135;381;4317;0.741346973825
0.055;135;219;4317;0.770757973697
0.055;140;365;4110;0.739205583475
0.055;140;205;4110;0.770785446754
0.055;140;204;4110;0.770810201261
0.055;145;352;3929;0.742654596557
0.055;145;200;3929;0.771303588752
0.055;150;351;3775;0.738294797458
0.055;150;196;3775;0.771448233583
0.055;150;195;3775;0.771559831083
0.055;155;331;3597;0.744738244073
0.055;155;194;3597;0.772776134113
0.055;155;192;3597;0.772929177861
0.055;160;321;3444;0.7456649514
0.055;160;185;3444;0.773105509258
0.055;160;184;3444;0.773190117542
0.055;165;308;3305;0.747163000827
0.055;165;182;3305;0.773626106832
0.055;165;181;3305;0.773692462866
0.055;170;298;3169;0.745137797673
0.055;170;176;3169;0.774425168634
0.055;170;174;3169;0.774505142247
0.055;175;288;3047;0.744865418547
0.055;175;172;3047;0.775005469767
0.055;175;170;3047;0.775086760569
0.055;180;279;2932;0.739551359276
0.055;180;164;2932;0.775397752584
0.055;180;162;2932;0.775481039097
0.055;185;272;2826;0.741790448682
0.055;185;160;2826;0.775356621295
0.055;185;159;2826;0.775369003657
0.055;190;266;2728;0.742801901342
0.055;190;158;2728;0.774812721024
0.055;190;157;2728;0.774830125125
0.055;195;261;2634;0.741212901775
0.055;195;154;2634;0.774897057692
0.055;195;153;2634;0.774902365116
0.055;200;250;2533;0.738641490402
0.055;200;148;2533;0.774804380371
0.055;200;147;2533;0.774935010794
0.06;10;694;34514;0.699857683733
0.06;10;149;34514;0.722575770767
0.06;10;122;34514;0.723023441334
0.06;15;919;30826;0.71560799506
0.06;15;284;30826;0.738087183452
0.06;15;260;30826;0.738538191993
0.06;20;1042;27765;0.724980103915
0.06;20;417;27765;0.747764634212
0.06;20;396;27765;0.748001979771
0.06;25;1158;25541;0.730868513057
0.06;25;525;25541;0.755217318461
0.06;25;504;25541;0.755394915488
0.06;30;1238;23663;0.736467237892
0.06;30;581;23663;0.7612118261
0.06;30;560;23663;0.761403507359
0.06;35;1233;21464;0.737631766123
0.06;35;591;21464;0.765200265269
0.06;35;571;21464;0.765519518974
0.06;40;1170;18966;0.740246020809
0.06;40;578;18966;0.767926334622
0.06;40;566;18966;0.768324143977
0.06;45;1087;16574;0.743701501889
0.06;45;562;16574;0.771485589131
0.06;45;548;16574;0.771782424166
0.06;50;980;14567;0.733369606889
0.06;50;500;14567;0.772686929521
0.06;50;487;14567;0.772871410844
0.06;55;894;12917;0.741496608323
0.06;55;472;12917;0.773422281269
0.06;55;458;12917;0.773692644287
0.06;60;826;11565;0.744279331233
0.06;60;436;11565;0.772639325428
0.06;60;424;11565;0.772871482976
0.06;65;762;10430;0.734964327321
0.06;65;407;10430;0.773086864911
0.06;65;393;10430;0.77339005364
0.06;70;710;9472;0.736435892834
0.06;70;388;9472;0.773864665935
0.06;70;373;9472;0.774067995869
0.06;75;655;8680;0.747812308154
0.06;75;368;8680;0.775188316038
0.06;75;357;8680;0.77541984079
0.06;80;616;7951;0.753841455598
0.06;80;350;7951;0.776242340843
0.06;80;341;7951;0.776446722144
0.06;85;574;7367;0.755315496793
0.06;85;341;7367;0.776348636566
0.06;85;332;7367;0.776662635574
0.06;90;544;6815;0.746078712831
0.06;90;329;6815;0.776414707269
0.06;90;323;6815;0.776497102312
0.06;95;519;6367;0.745811048249
0.06;95;315;6367;0.776813898984
0.06;95;309;6367;0.776873674234
0.06;100;503;5966;0.728504798187
0.06;100;311;5966;0.77695294632
0.06;100;302;5966;0.777060210769
0.06;105;475;5563;0.736641717661
0.06;105;296;5563;0.777410915538
0.06;105;290;5563;0.777516787414
0.06;110;447;5205;0.752938592316
0.06;110;274;5205;0.777372265272
0.06;110;268;5205;0.777478286387
0.06;115;431;4905;0.742294099081
0.06;115;268;4905;0.777816433985
0.06;115;263;4905;0.777932622401
0.06;120;414;4634;0.737056362223
0.06;120;261;4634;0.777546158714
0.06;120;256;4634;0.777682320252
0.06;125;398;4361;0.727696327653
0.06;125;248;4361;0.777624408004
0.06;125;243;4361;0.777779760788
0.06;130;382;4116;0.727946180954
0.06;130;236;4116;0.777508320779
0.06;130;232;4116;0.77761956575
0.06;135;367;3940;0.749535588979
0.06;135;228;3940;0.777993066113
0.06;135;226;3940;0.77803314594
0.06;140;349;3742;0.745807194986
0.06;140;216;3742;0.778808076894
0.06;140;213;3742;0.778854366673
0.06;145;340;3584;0.749640923356
0.06;145;211;3584;0.77939726414
0.06;145;210;3584;0.779398112987
0.06;150;340;3447;0.744334188505
0.06;150;209;3447;0.779881172683
0.06;150;208;3447;0.779882348947
0.06;155;325;3286;0.731786245078
0.06;155;206;3286;0.779973856519
0.06;155;204;3286;0.780020843095
0.06;160;318;3144;0.75067763286
0.06;160;199;3144;0.779943881661
0.06;160;197;3144;0.779958354733
0.06;165;310;3017;0.751782695414
0.06;165;196;3017;0.780468531569
0.06;170;302;2895;0.750055084468
0.06;170;195;2895;0.781222632266
0.06;170;194;2895;0.781228845837
0.06;175;290;2791;0.751382715803
0.06;175;192;2791;0.781607026545
0.06;175;191;2791;0.781612734616
0.06;180;280;2681;0.748029278293
0.06;180;180;2681;0.781544634392
0.06;180;179;2681;0.781550468272
0.06;185;268;2577;0.749661776918
0.06;185;175;2577;0.781247006399
0.06;185;174;2577;0.78125255726
0.06;190;261;2482;0.749943027482
0.06;190;167;2482;0.781446366959
0.06;190;166;2482;0.781459006885
0.06;195;250;2392;0.746118132769
0.06;195;163;2392;0.77942676652
0.06;200;242;2295;0.742965995237
0.06;200;158;2295;0.779116617476
0.065;10;713;32190;0.70985671297
0.065;10;156;32190;0.734664188264
0.065;10;125;32190;0.734964224741
0.065;10;124;32190;0.734973324516
0.065;15;923;28772;0.72544780485
0.065;15;287;28772;0.748795593721
0.065;15;263;28772;0.749063686675
0.065;20;1049;25853;0.735680346208
0.065;20;417;25853;0.757544452513
0.065;20;390;25853;0.757862695596
0.065;25;1178;23735;0.741705466795
0.065;25;536;23735;0.764491111714
0.065;25;511;23735;0.764753009743
0.065;25;510;23735;0.764754140385
0.065;30;1251;21927;0.747981961321
0.065;30;602;21927;0.76961690292
0.065;30;580;21927;0.769994487626
0.065;30;579;21927;0.769995044957
0.065;35;1239;19856;0.750161158572
0.065;35;610;19856;0.773349685561
0.065;35;592;19856;0.773807194897
0.065;40;1175;17555;0.752067147202
0.065;40;597;17555;0.776145174971
0.065;40;583;17555;0.776539539749
0.065;45;1096;15360;0.754579760366
0.065;45;579;15360;0.777868004739
0.065;45;566;15360;0.778063421326
0.065;50;990;13491;0.744338163689
0.065;50;513;13491;0.778163709714
0.065;50;501;13491;0.778335239639
0.065;55;895;11947;0.755469235758
0.065;55;485;11947;0.778641662827
0.065;55;473;11947;0.778934096922
0.065;60;823;10689;0.756982248498
0.065;60;450;10689;0.778588666233
0.065;60;438;10689;0.778975714081
0.065;60;437;10689;0.778976911799
0.065;65;754;9649;0.756444556628
0.065;65;415;9649;0.77886762275
0.065;65;402;9649;0.779285053974
0.065;70;692;8748;0.75885922471
0.065;70;392;8748;0.779766308526
0.065;70;382;8748;0.7799071748
0.065;75;635;8016;0.760244802997
0.065;75;357;8016;0.779610650324
0.065;75;350;8016;0.779781719369
0.065;80;597;7347;0.760861569291
0.065;80;349;7347;0.780490246829
0.065;80;341;7347;0.780648050799
0.065;85;556;6803;0.762083523304
0.065;85;338;6803;0.780276950935
0.065;85;329;6803;0.780553986775
0.065;90;537;6303;0.762072526266
0.065;90;328;6303;0.779902262785
0.065;90;321;6303;0.78015320895
0.065;95;506;5870;0.754137713226
0.065;95;320;5870;0.780162605834
0.065;95;313;5870;0.780307722057
0.065;100;492;5503;0.742604873392
0.065;100;308;5503;0.779869594077
0.065;100;303;5503;0.779918368667
0.065;105;468;5124;0.742947280936
0.065;105;299;5124;0.780223080287
0.065;105;293;5124;0.780405551302
0.065;110;439;4789;0.74412422983
0.065;110;268;4789;0.780615467242
0.065;110;262;4789;0.78082347796
0.065;115;425;4518;0.740107762661
0.065;115;264;4518;0.780766493203
0.065;115;258;4518;0.78099651498
0.065;120;407;4266;0.740547543449
0.065;120;255;4266;0.780593830067
0.065;120;248;4266;0.78084843821
0.065;125;388;4020;0.749605558197
0.065;125;244;4020;0.780173941967
0.065;125;237;4020;0.780446160974
0.065;130;370;3786;0.753968423722
0.065;130;232;3786;0.780532639521
0.065;130;228;3786;0.780723314003
0.065;135;357;3619;0.754509996214
0.065;135;221;3619;0.780807666947
0.065;135;218;3619;0.780969309761
0.065;140;347;3434;0.744524604658
0.065;140;211;3434;0.78121830232
0.065;140;206;3434;0.781520062209
0.065;145;336;3283;0.749253673688
0.065;145;208;3283;0.781736388154
0.065;145;203;3283;0.782094181348
0.065;150;330;3153;0.749382451819
0.065;150;201;3153;0.782142409748
0.065;150;198;3153;0.78233191031
0.065;155;313;3007;0.733465137038
0.065;155;198;3007;0.782209134235
0.065;155;194;3007;0.782436562361
0.065;160;310;2882;0.723579363738
0.065;160;191;2882;0.781835616535
0.065;160;189;2882;0.781971678177
0.065;165;303;2765;0.724134115643
0.065;165;187;2765;0.781976046528
0.065;165;185;2765;0.782225610344
0.065;170;292;2651;0.722115021855
0.065;170;184;2651;0.782527472843
0.065;170;182;2651;0.78266989443
0.065;175;283;2548;0.721869417245
0.065;175;181;2548;0.782725090631
0.065;175;179;2548;0.78286997373
0.065;180;273;2442;0.723062856645
0.065;180;171;2442;0.782288175487
0.065;180;169;2442;0.782436123119
0.065;185;260;2347;0.722379372585
0.065;185;164;2347;0.780914245673
0.065;185;163;2347;0.78092199157
0.065;190;255;2262;0.749589953592
0.065;190;162;2262;0.781250980838
0.065;190;160;2262;0.781276373305
0.065;195;248;2187;0.748392423664
0.065;195;158;2187;0.781025434627
0.065;195;157;2187;0.781034644787
0.065;200;236;2093;0.747309803662
0.065;200;151;2093;0.780462570768
0.065;200;149;2093;0.780517892103
0.07;10;744;29879;0.703177286689
0.07;10;165;29879;0.753080770924
0.07;10;138;29879;0.753453319348
0.07;10;137;29879;0.753459173048
0.07;15;935;26588;0.72056354207
0.07;15;317;26588;0.767212255876
0.07;15;293;26588;0.767429330706
0.07;20;1054;23876;0.731799598249
0.07;20;436;23876;0.775939628576
0.07;20;414;23876;0.776093581174
0.07;20;413;23876;0.776102090469
0.07;25;1170;21887;0.739429014673
0.07;25;571;21887;0.782602548343
0.07;25;547;21887;0.782766392119
0.07;25;546;21887;0.782766856983
0.07;30;1264;20164;0.741383449636
0.07;30;649;20164;0.787679320038
0.07;30;625;20164;0.78792335385
0.07;30;624;20164;0.787925240946
0.07;35;1236;18265;0.732374017964
0.07;35;649;18265;0.791493670568
0.07;35;634;18265;0.79187377325
0.07;40;1171;16132;0.745753112045
0.07;40;632;16132;0.793692520714
0.07;40;619;16132;0.794098240332
0.07;45;1084;14126;0.738151334499
0.07;45;604;14126;0.795221859812
0.07;45;591;14126;0.795418655902
0.07;50;991;12403;0.742729044288
0.07;50;535;12403;0.794577234667
0.07;50;524;12403;0.794776526473
0.07;55;887;10982;0.744150690348
0.07;55;490;10982;0.795100430974
0.07;55;479;10982;0.795458171194
0.07;60;813;9814;0.744541625079
0.07;60;457;9814;0.794774941687
0.07;60;447;9814;0.795033394459
0.07;65;746;8835;0.743149334791
0.07;65;420;8835;0.792707320508
0.07;65;409;8835;0.79386058085
0.07;70;688;7993;0.746374514018
0.07;70;402;7993;0.794639521115
0.07;70;393;7993;0.79538491308
0.07;75;636;7308;0.745275788039
0.07;75;365;7308;0.795162186566
0.07;75;357;7308;0.795431872769
0.07;80;602;6696;0.747428529878
0.07;80;344;6696;0.795350960646
0.07;80;335;6696;0.796302203578
0.07;85;560;6216;0.748917285671
0.07;85;332;6216;0.795032172251
0.07;85;325;6216;0.79592813659
0.07;90;542;5766;0.748646787609
0.07;90;332;5766;0.79507171291
0.07;90;325;5766;0.796084327355
0.07;95;514;5370;0.750144775047
0.07;95;330;5370;0.795200773491
0.07;95;322;5370;0.796213384591
0.07;100;496;5026;0.749817172863
0.07;100;313;5026;0.794794831321
0.07;100;307;5026;0.795691686834
0.07;105;472;4676;0.749557372942
0.07;105;300;4676;0.794939840993
0.07;105;296;4676;0.795917792356
0.07;110;443;4365;0.749335056041
0.07;110;267;4365;0.795255001033
0.07;110;264;4365;0.796258696491
0.07;115;430;4120;0.745610840704
0.07;115;262;4120;0.796391809969
0.07;115;260;4120;0.796477956126
0.07;120;411;3897;0.748932708211
0.07;120;254;3897;0.796275707048
0.07;120;252;3897;0.796383558122
0.07;125;396;3666;0.758416959966
0.07;125;244;3666;0.795741390248
0.07;125;241;3666;0.795872457548
0.07;130;376;3456;0.759025368533
0.07;130;237;3456;0.795428463936
0.07;130;233;3456;0.795645826117
0.07;135;360;3303;0.763243154858
0.07;135;224;3303;0.795565768205
0.07;135;222;3303;0.795689351297
0.07;140;347;3136;0.758657392523
0.07;140;216;3136;0.795792029389
0.07;140;213;3136;0.796011750027
0.07;145;338;2997;0.758471767353
0.07;145;212;2997;0.796528609105
0.07;145;211;2997;0.796673753942
0.07;150;333;2883;0.760811119141
0.07;150;209;2883;0.79632953181
0.07;150;208;2883;0.796478282087
0.07;155;315;2748;0.752280088505
0.07;155;205;2748;0.795947901507
0.07;155;202;2748;0.797060329071
0.07;160;311;2633;0.763177805943
0.07;160;199;2633;0.79612492985
0.07;160;197;2633;0.797162181294
0.07;165;301;2524;0.763108052599
0.07;165;195;2524;0.796049916441
0.07;165;192;2524;0.797230066314
0.07;170;292;2416;0.733700149098
0.07;170;189;2416;0.796098284138
0.07;170;186;2416;0.797106060808
0.07;175;277;2311;0.736437816547
0.07;175;183;2311;0.796211428301
0.07;175;181;2311;0.797057501994
0.07;180;268;2221;0.737029232673
0.07;180;171;2221;0.795680194227
0.07;180;169;2221;0.796489025012
0.07;185;255;2135;0.769866391557
0.07;185;167;2135;0.795893010765
0.07;185;166;2135;0.796530776045
0.07;190;251;2054;0.769526751269
0.07;190;164;2054;0.795583931015
0.07;190;162;2054;0.796219944904
0.07;195;246;1987;0.759728541553
0.07;195;163;1987;0.795590698324
0.07;195;162;1987;0.79630710231
0.07;200;234;1895;0.739643122174
0.07;200;158;1895;0.794743779566
0.07;200;157;1895;0.795285365801
0.075;10;773;28087;0.709878722725
0.075;10;175;28087;0.749621637937
0.075;10;149;28087;0.749946108992
0.075;10;148;28087;0.749947505957
0.075;15;935;25026;0.725975656759
0.075;15;321;25026;0.761714581874
0.075;15;292;25026;0.76220546779
0.075;20;1064;22495;0.734982134853
0.075;20;449;22495;0.769485394056
0.075;20;421;22495;0.769776555896
0.075;25;1185;20618;0.728111006575
0.075;25;589;20618;0.775519993168
0.075;25;560;20618;0.775919247795
0.075;25;559;20618;0.775919547768
0.075;30;1267;18991;0.73286697471
0.075;30;663;18991;0.780329682184
0.075;30;632;18991;0.780730805191
0.075;35;1240;17213;0.735130074619
0.075;35;656;17213;0.782221217266
0.075;35;630;17213;0.782589142217
0.075;40;1171;15194;0.7326479885
0.075;40;643;15194;0.785433079414
0.075;40;626;15194;0.785721343161
0.075;45;1088;13290;0.735555333399
0.075;45;615;13290;0.787847602607
0.075;45;595;13290;0.788122145637
0.075;50;976;11663;0.737478461335
0.075;50;559;11663;0.786545322631
0.075;50;542;11663;0.786840814276
0.075;55;888;10345;0.737720259098
0.075;55;514;10345;0.786128076724
0.075;55;502;10345;0.786313408512
0.075;60;819;9237;0.737569332073
0.075;60;480;9237;0.78539690061
0.075;60;468;9237;0.785833159725
0.075;65;751;8328;0.737230869171
0.075;65;444;8328;0.78591283326
0.075;65;432;8328;0.786422112478
0.075;70;699;7542;0.738457147532
0.075;70;425;7542;0.785104658853
0.075;70;412;7542;0.785649812538
0.075;75;652;6899;0.73804977788
0.075;75;385;6899;0.784936512949
0.075;75;377;6899;0.785241580709
0.075;80;605;6322;0.739501841854
0.075;80;362;6322;0.78549039138
0.075;80;355;6322;0.785743884954
0.075;85;560;5855;0.74119222435
0.075;85;350;5855;0.785703873836
0.075;85;344;5855;0.78590511646
0.075;90;544;5425;0.740299671004
0.075;90;354;5425;0.785341602581
0.075;90;348;5425;0.785575696407
0.075;95;510;5046;0.741943297427
0.075;95;341;5046;0.786301145106
0.075;95;332;5046;0.787269177082
0.075;100;487;4727;0.741136567607
0.075;100;327;4727;0.785828583582
0.075;100;323;4727;0.786758409451
0.075;105;466;4404;0.741268844711
0.075;105;312;4404;0.786054107722
0.075;105;309;4404;0.78708381457
0.075;110;432;4108;0.741791336167
0.075;110;282;4108;0.786197703976
0.075;110;279;4108;0.787247195944
0.075;115;420;3879;0.753917894813
0.075;115;283;3879;0.786349145142
0.075;115;281;3879;0.786438254387
0.075;120;402;3669;0.750775012421
0.075;120;271;3669;0.787136507654
0.075;120;270;3669;0.787222073226
0.075;125;389;3444;0.75346988725
0.075;125;267;3444;0.78592233455
0.075;125;264;3444;0.786025697413
0.075;130;368;3247;0.75381031214
0.075;130;253;3247;0.785764431601
0.075;130;249;3247;0.785879059967
0.075;135;352;3101;0.757573698549
0.075;135;240;3101;0.785714001063
0.075;135;237;3101;0.785774255484
0.075;140;342;2946;0.747036508108
0.075;140;231;2946;0.785745457022
0.075;140;229;2946;0.785769105046
0.075;145;331;2816;0.751111567618
0.075;145;224;2816;0.786265548883
0.075;145;223;2816;0.786275412784
0.075;150;324;2704;0.75964916844
0.075;150;218;2704;0.786318067034
0.075;150;217;2704;0.786327369681
0.075;155;308;2573;0.743406725898
0.075;155;212;2573;0.78590516641
0.075;155;210;2573;0.786915094032
0.075;160;304;2471;0.759491767915
0.075;160;206;2471;0.786130196242
0.075;160;204;2471;0.787140640756
0.075;165;292;2367;0.760435383145
0.075;165;200;2367;0.785950335829
0.075;165;197;2367;0.787068094396
0.075;170;283;2265;0.726256596461
0.075;170;193;2265;0.785484141186
0.075;170;192;2265;0.786441803492
0.075;175;268;2168;0.72724060896
0.075;175;187;2168;0.78521306498
0.075;175;186;2168;0.786037587886
0.075;180;260;2083;0.728378656477
0.075;180;178;2083;0.784903451045
0.075;180;177;2083;0.785565442863
0.075;185;243;1997;0.743901220759
0.075;185;171;1997;0.78424633686
0.075;185;170;1997;0.784900451017
0.075;190;237;1923;0.760672811988
0.075;190;169;1923;0.78483346095
0.075;190;168;1923;0.785465074167
0.075;195;233;1859;0.731903577913
0.075;195;164;1859;0.784408892954
0.075;200;221;1779;0.731259273462
0.075;200;157;1779;0.78331737751
0.08;10;794;26353;0.711234005069
0.08;10;187;26353;0.752050110399
0.08;10;159;26353;0.752331910338
0.08;15;960;23501;0.725603857607
0.08;15;333;23501;0.762546420473
0.08;15;298;23501;0.763445630241
0.08;15;297;23501;0.763453092812
0.08;20;1072;21110;0.732843220194
0.08;20;466;21110;0.769871937282
0.08;20;431;21110;0.770526832766
0.08;25;1164;19327;0.740810143299
0.08;25;612;19327;0.775380246239
0.08;25;582;19327;0.775866960925
0.08;30;1230;17776;0.731561064598
0.08;30;671;17776;0.778491929306
0.08;30;647;17776;0.778845092559
0.08;35;1214;16106;0.734495821668
0.08;35;667;16106;0.781349879284
0.08;35;642;16106;0.781896705042
0.08;40;1150;14219;0.736388812619
0.08;40;640;14219;0.782796538229
0.08;40;618;14219;0.783567405687
0.08;40;617;14219;0.783573176701
0.08;45;1073;12444;0.733629219653
0.08;45;595;12444;0.783934110054
0.08;45;576;12444;0.784543615039
0.08;50;969;10909;0.733108916834
0.08;50;551;10909;0.783112345729
0.08;50;534;10909;0.784255777476
0.08;55;881;9682;0.735506034569
0.08;55;523;9682;0.783607240112
0.08;55;511;9682;0.78393507501
0.08;60;812;8647;0.735701168227
0.08;60;480;8647;0.783344844145
0.08;60;464;8647;0.783875036179
0.08;60;463;8647;0.783881108783
0.08;65;743;7789;0.736382737112
0.08;65;446;7789;0.78311345888
0.08;65;431;7789;0.783748152273
0.08;65;430;7789;0.783757992975
0.08;70;694;7068;0.738513308044
0.08;70;428;7068;0.783893932535
0.08;70;415;7068;0.784483543392
0.08;75;644;6468;0.738155868114
0.08;75;394;6468;0.782933803185
0.08;75;383;6468;0.783823489123
0.08;80;599;5927;0.738705049644
0.08;80;372;5927;0.782926912836
0.08;80;361;5927;0.783859815978
0.08;85;557;5485;0.739360973894
0.08;85;355;5485;0.783024990862
0.08;85;347;5485;0.783718757644
0.08;90;535;5078;0.733362803414
0.08;90;355;5078;0.782735153809
0.08;90;348;5078;0.78321360066
0.08;95;504;4712;0.733212597871
0.08;95;342;4712;0.782240087767
0.08;95;334;4712;0.782843527119
0.08;100;483;4410;0.738690095794
0.08;100;324;4410;0.782326967245
0.08;100;319;4410;0.782966071665
0.08;105;457;4097;0.739107334009
0.08;105;311;4097;0.782056082696
0.08;105;306;4097;0.782732819303
0.08;110;422;3822;0.738462356182
0.08;110;278;3822;0.781992410106
0.08;110;273;3822;0.782617583427
0.08;115;407;3609;0.732939847468
0.08;115;274;3609;0.782336546833
0.08;115;269;3609;0.782944724248
0.08;120;388;3399;0.731554880489
0.08;120;264;3399;0.781908274268
0.08;120;261;3399;0.782130201734
0.08;125;378;3194;0.749685596062
0.08;125;254;3194;0.781567307975
0.08;125;250;3194;0.781805932509
0.08;130;359;3025;0.750928487717
0.08;130;246;3025;0.78125354374
0.08;130;240;3025;0.781665771587
0.08;135;345;2884;0.754882121431
0.08;135;235;2884;0.780920984872
0.08;135;229;2884;0.781374185148
0.08;140;336;2744;0.743774926918
0.08;140;227;2744;0.780819902051
0.08;140;223;2744;0.781008304398
0.08;145;325;2620;0.748912114937
0.08;145;219;2620;0.781101491664
0.08;145;217;2620;0.781267163322
0.08;150;316;2512;0.749004659513
0.08;150;213;2512;0.781060905776
0.08;150;210;2512;0.78147388985
0.08;155;304;2398;0.732445171042
0.08;155;209;2398;0.781646067017
0.08;155;206;2398;0.782049952505
0.08;160;298;2304;0.719584190271
0.08;160;204;2304;0.781426946399
0.08;160;200;2304;0.781702679582
0.08;165;284;2206;0.720018374554
0.08;165;195;2206;0.781231601419
0.08;165;192;2206;0.781505283912
0.08;170;276;2105;0.714326642832
0.08;170;188;2105;0.780747818759
0.08;170;186;2105;0.78103335676
0.08;175;260;2015;0.72623262481
0.08;175;182;2015;0.780037227818
0.08;175;180;2015;0.780248358575
0.08;180;247;1937;0.728492767699
0.08;180;171;1937;0.779265357043
0.08;180;170;1937;0.779448947541
0.08;185;232;1854;0.73355523532
0.08;185;163;1854;0.778228927727
0.08;185;162;1854;0.778416183821
0.08;190;228;1788;0.734013084708
0.08;190;165;1788;0.777562014626
0.08;190;163;1788;0.778195613994
0.08;195;227;1727;0.726198226808
0.08;195;160;1727;0.77723376537
0.08;195;158;1727;0.777618096882
0.08;200;217;1653;0.725155463288
0.08;200;155;1653;0.776109840461
0.08;200;153;1653;0.776331538456
0.085;10;798;24835;0.71525406604
0.085;10;188;24835;0.758787033681
0.085;10;157;24835;0.759062603369
0.085;15;964;22219;0.728922991594
0.085;15;314;22219;0.770165320792
0.085;15;283;22219;0.770548863249
0.085;15;282;22219;0.770550565646
0.085;20;1042;19935;0.738557860058
0.085;20;458;19935;0.776793197857
0.085;20;429;19935;0.777049356217
0.085;20;428;19935;0.777052179692
0.085;25;1142;18225;0.744170439863
0.085;25;598;18225;0.781844968662
0.085;25;572;18225;0.782427655219
0.085;30;1208;16762;0.736873425161
0.085;30;679;16762;0.786088471404
0.085;30;652;16762;0.786566983391
0.085;35;1188;15186;0.741067268067
0.085;35;680;15186;0.789331092974
0.085;35;657;15186;0.789651411236
0.085;40;1119;13385;0.743834879573
0.085;40;640;13385;0.79054525657
0.085;40;621;13385;0.791134571069
0.085;45;1058;11723;0.738875539065
0.085;45;615;11723;0.79113715186
0.085;45;603;11723;0.791430540759
0.085;50;960;10285;0.739177844498
0.085;50;572;10285;0.791105177788
0.085;50;559;10285;0.791438133295
0.085;55;865;9130;0.742311333089
0.085;55;522;9130;0.791346396211
0.085;55;508;9130;0.791561686095
0.085;60;798;8177;0.741631198031
0.085;60;496;8177;0.790711779087
0.085;60;486;8177;0.790992070491
0.085;60;485;8177;0.791002840823
0.085;65;733;7369;0.74215949765
0.085;65;458;7369;0.790100465816
0.085;65;444;7369;0.790945180709
0.085;70;682;6699;0.742459782279
0.085;70;430;6699;0.789978320154
0.085;70;419;6699;0.790501058561
0.085;75;633;6130;0.742912527689
0.085;75;398;6130;0.789647873739
0.085;75;391;6130;0.789848339643
0.085;80;587;5611;0.744011789834
0.085;80;375;5611;0.789134200235
0.085;80;365;5611;0.789743932086
0.085;85;544;5189;0.738768199203
0.085;85;353;5189;0.789023709717
0.085;85;344;5189;0.78982371285
0.085;90;519;4803;0.738443672412
0.085;90;352;4803;0.788647667658
0.085;90;344;4803;0.789197159817
0.085;95;490;4450;0.737691895621
0.085;95;337;4450;0.788412330215
0.085;95;333;4450;0.788751181915
0.085;100;464;4169;0.744253406645
0.085;100;321;4169;0.788416120641
0.085;100;318;4169;0.788791179607
0.085;105;441;3876;0.743936677974
0.085;105;302;3876;0.789006261148
0.085;105;300;3876;0.789379134225
0.085;110;405;3613;0.742095789925
0.085;110;269;3613;0.7889344034
0.085;110;267;3613;0.789282223874
0.085;115;394;3416;0.7564463521
0.085;115;264;3416;0.789456941553
0.085;115;262;3416;0.789841231441
0.085;120;375;3218;0.75432968237
0.085;120;255;3218;0.787900531202
0.085;120;253;3218;0.788193584135
0.085;125;364;3022;0.755211234097
0.085;125;244;3022;0.788485284689
0.085;125;241;3022;0.788665885515
0.085;130;343;2859;0.757070416404
0.085;130;237;2859;0.787902624799
0.085;130;233;2859;0.788362072644
0.085;135;333;2718;0.755529206146
0.085;135;223;2718;0.78790297155
0.085;135;219;2718;0.788342093511
0.085;140;319;2585;0.755356410946
0.085;140;214;2585;0.788209331635
0.085;140;211;2585;0.78826707493
0.085;145;307;2470;0.760540448758
0.085;145;209;2470;0.787465071784
0.085;145;207;2470;0.787634407817
0.085;150;302;2362;0.726615316753
0.085;150;201;2362;0.788303814184
0.085;150;198;2362;0.788585259675
0.085;155;289;2254;0.742510195111
0.085;155;200;2254;0.789099244594
0.085;155;196;2254;0.789358100045
0.085;160;284;2163;0.727944749939
0.085;160;195;2163;0.788714630969
0.085;160;191;2163;0.788986595815
0.085;165;274;2075;0.722751622766
0.085;165;188;2075;0.788403032632
0.085;165;186;2075;0.788668214078
0.085;170;264;1979;0.721721923212
0.085;170;180;1979;0.787520404994
0.085;170;179;1979;0.787790127929
0.085;175;253;1901;0.735597212583
0.085;175;176;1901;0.787274087894
0.085;175;175;1901;0.787463101395
0.085;180;240;1830;0.736553067898
0.085;180;169;1830;0.786520391873
0.085;180;168;1830;0.786712957427
0.085;185;227;1759;0.741001081909
0.085;185;161;1759;0.78627389219
0.085;185;160;1759;0.786470168855
0.085;190;224;1695;0.738744967409
0.085;190;160;1695;0.785715557558
0.085;190;158;1695;0.786380487487
0.085;195;223;1640;0.731231684567
0.085;195;157;1640;0.785586176182
0.085;195;155;1640;0.785987682216
0.085;200;210;1568;0.73856855571
0.085;200;150;1568;0.784398445872
0.085;200;148;1568;0.784626079953
0.09;10;820;23370;0.722403205022
0.09;10;217;23370;0.75706325893
0.09;10;181;23370;0.757998269268
0.09;15;974;20852;0.73409349418
0.09;15;324;20852;0.767567102014
0.09;15;286;20852;0.768499884463
0.09;15;284;20852;0.768505898253
0.09;20;1075;18720;0.721299488194
0.09;20;470;18720;0.772445352359
0.09;20;434;18720;0.774376697782
0.09;25;1162;17107;0.727970224974
0.09;25;608;17107;0.777389753751
0.09;25;579;17107;0.777951781778
0.09;30;1208;15696;0.738841738714
0.09;30;677;15696;0.779902637557
0.09;30;647;15696;0.781708456964
0.09;35;1196;14223;0.743119331527
0.09;35;686;14223;0.783101184017
0.09;35;665;14223;0.784385556008
0.09;40;1118;12538;0.74046597324
0.09;40;653;12538;0.784295409006
0.09;40;632;12538;0.785721599858
0.09;45;1036;10966;0.740631156389
0.09;45;626;10966;0.784451471148
0.09;45;613;10966;0.785715606808
0.09;50;945;9630;0.742089024484
0.09;50;574;9630;0.78437206733
0.09;50;558;9630;0.785638686969
0.09;55;851;8547;0.739784319708
0.09;55;527;8547;0.785473347466
0.09;55;511;8547;0.786379286774
0.09;60;777;7625;0.738275394143
0.09;60;495;7625;0.783991868495
0.09;60;481;7625;0.784773250525
0.09;65;712;6875;0.739020725317
0.09;65;459;6875;0.783556494116
0.09;65;445;6875;0.784309305366
0.09;70;661;6257;0.741035868334
0.09;70;437;6257;0.784470895905
0.09;70;424;6257;0.784924317264
0.09;75;616;5722;0.740197984924
0.09;75;402;5722;0.783683682268
0.09;75;393;5722;0.784247044598
0.09;80;570;5236;0.738572338227
0.09;80;372;5236;0.783609098567
0.09;80;364;5236;0.784176876411
0.09;85;527;4845;0.737582415984
0.09;85;349;4845;0.783576813541
0.09;85;339;4845;0.784106330815
0.09;90;504;4485;0.738252153295
0.09;90;350;4485;0.782700789254
0.09;90;340;4485;0.783240033095
0.09;95;477;4153;0.729707630058
0.09;95;324;4153;0.782147141572
0.09;95;318;4153;0.782476786268
0.09;100;451;3883;0.730927150762
0.09;100;312;3883;0.78158876136
0.09;100;307;3883;0.78201075152
0.09;105;427;3611;0.73047523823
0.09;105;296;3611;0.781633559468
0.09;105;291;3611;0.781987316598
0.09;110;394;3371;0.730832948614
0.09;110;271;3371;0.780811194191
0.09;110;265;3371;0.781299953408
0.09;115;385;3186;0.719118081305
0.09;115;267;3186;0.78084600767
0.09;115;263;3186;0.781135459489
0.09;120;364;3000;0.716520175264
0.09;120;253;3000;0.780303036246
0.09;120;249;3000;0.780548533395
0.09;125;346;2814;0.720449100066
0.09;125;245;2814;0.779439703805
0.09;125;242;2814;0.779569172739
0.09;130;327;2660;0.721978121826
0.09;130;237;2660;0.778714161147
0.09;130;233;2660;0.778970024935
0.09;135;314;2528;0.730884956184
0.09;135;226;2528;0.777971557175
0.09;135;221;2528;0.778339565557
0.09;140;306;2404;0.717251563742
0.09;140;217;2404;0.777835728277
0.09;140;213;2404;0.778119822785
0.09;145;298;2299;0.715613633257
0.09;145;208;2299;0.77761569914
0.09;145;205;2299;0.777882991088
0.09;150;286;2197;0.715489288882
0.09;150;199;2197;0.777242409535
0.09;150;196;2197;0.777509102715
0.09;155;274;2094;0.731545449912
0.09;155;199;2094;0.778160939599
0.09;155;196;2094;0.778377836949
0.09;160;269;2013;0.717221323246
0.09;160;195;2013;0.777449187765
0.09;160;191;2013;0.777666256334
0.09;165;259;1930;0.717675340246
0.09;165;189;1930;0.77765090076
0.09;165;186;1930;0.777871590913
0.09;170;250;1841;0.716930335359
0.09;170;180;1841;0.776491092324
0.09;170;178;1841;0.776728616202
0.09;175;239;1771;0.731354530463
0.09;175;175;1771;0.776108815602
0.09;175;174;1771;0.776285138341
0.09;180;230;1707;0.731256251587
0.09;180;163;1707;0.776431520354
0.09;180;162;1707;0.776615220457
0.09;185;216;1639;0.731028588418
0.09;185;161;1639;0.774485806716
0.09;185;160;1639;0.774586783546
0.09;190;212;1579;0.733490836854
0.09;190;158;1579;0.774054632243
0.09;195;208;1525;0.731505606507
0.09;195;155;1525;0.773395714272
0.09;195;154;1525;0.773411886239
0.09;200;200;1462;0.730888696216
0.09;200;144;1462;0.773261184237
0.09;200;143;1462;0.773310372237
0.095;10;844;22120;0.725980233825
0.095;10;215;22120;0.757218719635
0.095;10;180;22120;0.75839011119
0.095;15;964;19761;0.739380925963
0.095;15;326;19761;0.766011127363
0.095;15;288;19761;0.767177059411
0.095;15;287;19761;0.767186089297
0.095;20;1057;17739;0.732295860571
0.095;20;464;17739;0.77341602608
0.095;20;430;17739;0.773802273465
0.095;25;1143;16241;0.737940689964
0.095;25;606;16241;0.778159249041
0.095;25;579;16241;0.778708289584
0.095;30;1193;14910;0.754659391178
0.095;30;649;14910;0.782690088061
0.095;30;626;14910;0.783649904569
0.095;35;1175;13508;0.760035165087
0.095;35;671;13508;0.78489434167
0.095;35;652;13508;0.7864363874
0.095;40;1106;11913;0.749265974584
0.095;40;641;11913;0.786617055412
0.095;40;621;11913;0.78822288918
0.095;45;1026;10424;0.748336142203
0.095;45;614;10424;0.786687215222
0.095;45;601;10424;0.788188637314
0.095;50;931;9160;0.747655549126
0.095;50;564;9160;0.786638483852
0.095;50;547;9160;0.787955404882
0.095;55;845;8129;0.749159081872
0.095;55;535;8129;0.787110865
0.095;55;521;8129;0.788061105291
0.095;60;764;7257;0.751223732135
0.095;60;503;7257;0.785900989729
0.095;60;491;7257;0.786708781098
0.095;65;700;6546;0.750751913201
0.095;65;461;6546;0.785268870691
0.095;65;448;6546;0.786062883966
0.095;70;656;5954;0.74914874625
0.095;70;440;5954;0.784616857829
0.095;70;427;5954;0.785520693439
0.095;75;612;5449;0.750769447
0.095;75;411;5449;0.784972678929
0.095;75;400;5449;0.785723375185
0.095;80;564;4984;0.748943680073
0.095;80;377;4984;0.784814577246
0.095;80;368;4984;0.785354378579
0.095;85;517;4614;0.749178041127
0.095;85;354;4614;0.784367358964
0.095;85;345;4614;0.785188429487
0.095;85;344;4614;0.785196379169
0.095;90;491;4264;0.749766128139
0.095;90;351;4264;0.784174973198
0.095;90;342;4264;0.784733126448
0.095;95;467;3942;0.737165737874
0.095;95;324;3942;0.783366347615
0.095;95;318;3942;0.783803429278
0.095;100;445;3682;0.737039272969
0.095;100;310;3682;0.782401375534
0.095;100;305;3682;0.782944234633
0.095;105;423;3428;0.734836786862
0.095;105;299;3428;0.779455593726
0.095;105;295;3428;0.779756691106
0.095;110;392;3196;0.734027581142
0.095;110;271;3196;0.778961452684
0.095;110;268;3196;0.77922525947
0.095;115;378;3023;0.734050694628
0.095;115;266;3023;0.778486776103
0.095;115;262;3023;0.778830799062
0.095;120;359;2848;0.735699405533
0.095;120;254;2848;0.78025139478
0.095;120;250;2848;0.780599284769
0.095;125;340;2669;0.744668676788
0.095;125;240;2669;0.779406187886
0.095;125;239;2669;0.779514129773
0.095;130;323;2524;0.732481842565
0.095;130;234;2524;0.77830391686
0.095;130;232;2524;0.778553359577
0.095;135;310;2398;0.74518307175
0.095;135;222;2398;0.777918870297
0.095;135;220;2398;0.778178921011
0.095;140;300;2284;0.742783139437
0.095;140;214;2284;0.777070794251
0.095;140;212;2284;0.777300840664
0.095;145;291;2184;0.715768785219
0.095;145;204;2184;0.776964790187
0.095;145;202;2184;0.777222326386
0.095;150;277;2087;0.716635479577
0.095;150;194;2087;0.77808309462
0.095;150;191;2087;0.778339784547
0.095;155;268;1990;0.717334639494
0.095;155;193;1990;0.775896989556
0.095;155;190;1990;0.776093291459
0.095;160;262;1909;0.717433664777
0.095;160;191;1909;0.77502082319
0.095;160;188;1909;0.775221182962
0.095;165;253;1831;0.717573519258
0.095;165;181;1831;0.777226585325
0.095;165;178;1831;0.777439065124
0.095;170;246;1747;0.71668331718
0.095;170;175;1747;0.776200445726
0.095;170;172;1747;0.776433929914
0.095;175;238;1683;0.717930671233
0.095;175;171;1683;0.775571864466
0.095;175;169;1683;0.775769112931
0.095;180;231;1623;0.715096981797
0.095;180;164;1623;0.774645519072
0.095;180;162;1623;0.774853602049
0.095;185;217;1558;0.717527281861
0.095;185;156;1558;0.774415543259
0.095;185;155;1558;0.774494025303
0.095;190;213;1505;0.716545093158
0.095;190;151;1505;0.77387191455
0.095;195;209;1454;0.713850898979
0.095;195;148;1454;0.773221273632
0.095;200;199;1397;0.720659502922
0.095;200;146;1397;0.771922922887
0.095;200;145;1397;0.771947611184
0.1;10;839;20976;0.727978178219
0.1;10;217;20976;0.75816919787
0.1;10;181;20976;0.759753836311
0.1;10;179;20976;0.759766131518
0.1;15;953;18799;0.741541014324
0.1;15;327;18799;0.766763357074
0.1;15;290;18799;0.768023045071
0.1;15;289;18799;0.768030906562
0.1;20;1025;16882;0.736567792585
0.1;20;447;16882;0.775394686298
0.1;20;411;16882;0.7758431764
0.1;20;410;16882;0.775852024275
0.1;25;1108;15465;0.739826257646
0.1;25;580;15465;0.779934629199
0.1;25;553;15465;0.7811387377
0.1;30;1157;14222;0.756927789564
0.1;30;634;14222;0.785852701608
0.1;30;608;14222;0.786251776699
0.1;35;1146;12870;0.760942792382
0.1;35;664;12870;0.786991637442
0.1;35;639;12870;0.788202287735
0.1;35;637;12870;0.78821017707
0.1;40;1075;11347;0.750454174189
0.1;40;639;11347;0.789350236161
0.1;40;620;11347;0.789893637517
0.1;40;619;11347;0.789897327016
0.1;45;990;9931;0.750797320483
0.1;45;603;9931;0.788438954362
0.1;45;588;9931;0.790033861797
0.1;50;894;8722;0.749385344844
0.1;50;558;8722;0.788407086386
0.1;50;542;8722;0.789679009656
0.1;55;803;7732;0.75003804992
0.1;55;519;7732;0.78742482542
0.1;55;503;7732;0.788789068655
0.1;60;733;6921;0.752698825555
0.1;60;492;6921;0.78741417206
0.1;60;480;6921;0.788386598438
0.1;65;673;6243;0.751833433775
0.1;65;448;6243;0.786480971578
0.1;65;437;6243;0.787487234887
0.1;70;629;5675;0.752637183021
0.1;70;425;5675;0.786042631649
0.1;70;413;5675;0.786979455509
0.1;75;592;5196;0.750315212755
0.1;75;400;5196;0.784558146582
0.1;75;389;5196;0.785400754987
0.1;80;549;4762;0.749039891512
0.1;80;373;4762;0.784857553587
0.1;80;364;4762;0.785685613513
0.1;85;498;4399;0.74944759457
0.1;85;344;4399;0.784908520482
0.1;85;338;4399;0.7852611314
0.1;85;337;4399;0.785276354556
0.1;90;477;4076;0.74848686094
0.1;90;341;4076;0.783689843356
0.1;90;334;4076;0.78425407799
0.1;95;452;3776;0.736108422182
0.1;95;317;3776;0.783106269951
0.1;95;312;3776;0.783340649748
0.1;100;430;3525;0.735893145106
0.1;100;305;3525;0.781853736656
0.1;100;301;3525;0.782216493919
0.1;105;412;3281;0.731260630798
0.1;105;290;3281;0.781628946102
0.1;105;287;3281;0.781828806124
0.1;110;383;3063;0.730955795919
0.1;110;265;3063;0.780713626037
0.1;110;263;3063;0.780868978567
0.1;115;369;2896;0.734241812427
0.1;115;257;2896;0.780278683129
0.1;115;254;2896;0.780513826032
0.1;120;352;2729;0.733143904613
0.1;120;244;2729;0.779056051983
0.1;120;241;2729;0.779266112029
0.1;125;333;2558;0.739769015167
0.1;125;233;2558;0.77910154889
0.1;125;232;2558;0.779140951162
0.1;130;317;2416;0.730766328165
0.1;130;226;2416;0.777827918918
0.1;130;225;2416;0.777963572117
0.1;135;303;2292;0.740706720231
0.1;135;215;2292;0.776834937186
0.1;135;213;2292;0.777116315688
0.1;140;292;2180;0.741670685595
0.1;140;205;2180;0.777158844882
0.1;140;203;2180;0.777410944769
0.1;145;279;2084;0.742325905948
0.1;145;195;2084;0.77725576865
0.1;145;193;2084;0.777537320717
0.1;150;270;1996;0.714631406545
0.1;150;189;1996;0.777382798967
0.1;150;186;1996;0.777791885275
0.1;155;261;1905;0.716350894195
0.1;155;186;1905;0.777460544408
0.1;155;183;1905;0.77782902637
0.1;160;256;1829;0.716356040946
0.1;160;184;1829;0.776721918781
0.1;160;181;1829;0.777094585229
0.1;165;247;1755;0.716397485412
0.1;165;177;1755;0.777265851917
0.1;165;174;1755;0.777647401561
0.1;170;240;1677;0.715762058515
0.1;170;169;1677;0.776617115406
0.1;170;167;1677;0.776874546996
0.1;175;231;1616;0.717339771108
0.1;175;165;1616;0.776036630645
0.1;175;163;1616;0.776250374276
0.1;180;224;1557;0.714418687898
0.1;180;158;1557;0.775151760461
0.1;180;156;1557;0.775376714372
0.1;185;209;1493;0.715786406064
0.1;185;148;1493;0.774841731471
0.1;185;147;1493;0.774945612772
0.1;190;205;1446;0.715941264167
0.1;190;144;1446;0.774144705062
0.1;195;202;1398;0.712847348964
0.1;195;142;1398;0.773190479038
0.1;200;192;1344;0.719606877517
0.1;200;141;1344;0.771941081287
0.1;200;140;1344;0.77199146363
0.105;10;827;19899;0.7373877554
0.105;10;232;19899;0.763344627413
0.105;10;196;19899;0.763958783689
0.105;15;948;17817;0.749682415967
0.105;15;340;17817;0.772852713892
0.105;15;308;17817;0.77342552735
0.105;15;306;17817;0.773436236973
0.105;20;1048;16001;0.742518893274
0.105;20;469;16001;0.77883541103
0.105;20;428;16001;0.779600666816
0.105;25;1110;14666;0.742821325536
0.105;25;589;14666;0.783303659068
0.105;25;554;14666;0.785367792951
0.105;30;1160;13486;0.75076373381
0.105;30;649;13486;0.787587114915
0.105;30;616;13486;0.789503783019
0.105;35;1146;12192;0.754340821726
0.105;35;680;12192;0.790154041328
0.105;35;651;12192;0.791936134717
0.105;35;650;12192;0.791938806706
0.105;40;1072;10725;0.736200889062
0.105;40;639;10725;0.791469940366
0.105;40;617;10725;0.793007898172
0.105;40;616;10725;0.793011490029
0.105;45;982;9388;0.753176569643
0.105;45;601;9388;0.791411105038
0.105;45;588;9388;0.792882953098
0.105;45;587;9388;0.792925512296
0.105;50;892;8253;0.741224202883
0.105;50;563;8253;0.7909745747
0.105;50;548;8253;0.792242513954
0.105;50;547;8253;0.79228877687
0.105;55;799;7303;0.742586327471
0.105;55;522;7303;0.790337308067
0.105;55;505;7303;0.791763523699
0.105;60;730;6534;0.743377699685
0.105;60;488;6534;0.7896240352
0.105;60;477;6534;0.790527244099
0.105;65;665;5884;0.753586186062
0.105;65;450;5884;0.788602733501
0.105;65;436;5884;0.789904682743
0.105;70;627;5356;0.744423472171
0.105;70;425;5356;0.78822247283
0.105;70;413;5356;0.789390220859
0.105;75;588;4919;0.742007846534
0.105;75;403;4919;0.787105337916
0.105;75;393;4919;0.788051266126
0.105;80;547;4514;0.740633667097
0.105;80;374;4514;0.786804582672
0.105;80;364;4514;0.787700260187
0.105;85;499;4166;0.740311646068
0.105;85;345;4166;0.786810750678
0.105;85;339;4166;0.7871964391
0.105;90;479;3863;0.736114038739
0.105;90;344;3863;0.785476601822
0.105;90;337;3863;0.786054862493
0.105;95;449;3575;0.727510235503
0.105;95;314;3575;0.784675713561
0.105;95;310;3575;0.784909187506
0.105;100;427;3341;0.727833333417
0.105;100;304;3341;0.783596707353
0.105;100;300;3341;0.783998476091
0.105;105;402;3111;0.73300880054
0.105;105;287;3111;0.783005341511
0.105;105;283;3111;0.783311749183
0.105;110;374;2908;0.731905218745
0.105;110;264;2908;0.782117726752
0.105;110;260;2908;0.782439560366
0.105;115;364;2751;0.729159390009
0.105;115;255;2751;0.781552154994
0.105;115;251;2751;0.781888750363
0.105;120;348;2597;0.728684542897
0.105;120;243;2597;0.780569503139
0.105;120;241;2597;0.780731315144
0.105;125;327;2431;0.741102372922
0.105;125;232;2431;0.780062867733
0.105;125;231;2431;0.780104607226
0.105;130;314;2298;0.726257116594
0.105;130;225;2298;0.778755166834
0.105;130;223;2298;0.778993769082
0.105;135;299;2177;0.727651394331
0.105;135;211;2177;0.7773827305
0.105;135;208;2177;0.777628152801
0.105;140;287;2072;0.727595367186
0.105;140;202;2072;0.777791866937
0.105;140;200;2072;0.778046593798
0.105;145;274;1981;0.74368914336
0.105;145;195;1981;0.777814228477
0.105;145;193;1981;0.778077495479
0.105;150;265;1897;0.714918828017
0.105;150;189;1897;0.777871106709
0.105;150;187;1897;0.778147871636
0.105;155;258;1810;0.716202850414
0.105;155;187;1810;0.777489719603
0.105;155;185;1810;0.777702408226
0.105;160;249;1734;0.716574896256
0.105;160;182;1734;0.776478437778
0.105;160;180;1734;0.776698717883
0.105;165;239;1666;0.717147835632
0.105;165;177;1666;0.776968317971
0.105;165;175;1666;0.777195407603
0.105;170;233;1596;0.720388167754
0.105;170;170;1596;0.776272344619
0.105;170;169;1596;0.776348923146
0.105;175;225;1537;0.720740060093
0.105;175;165;1537;0.775882220912
0.105;180;217;1480;0.715805667392
0.105;180;159;1480;0.775067286951
0.105;185;202;1418;0.716933846462
0.105;185;149;1418;0.774216915703
0.105;190;197;1380;0.732704828313
0.105;190;149;1380;0.773654431017
0.105;195;195;1337;0.731168541751
0.105;195;148;1337;0.772505422498
0.105;200;186;1283;0.736856274691
0.105;200;143;1283;0.771054773837
0.11;10;809;18903;0.729841604788
0.11;10;231;18903;0.765736722727
0.11;10;198;18903;0.766386885122
0.11;10;196;18903;0.76640058816
0.11;15;906;16979;0.751602544717
0.11;15;341;16979;0.773598690986
0.11;15;308;16979;0.774363170269
0.11;15;307;16979;0.774368277102
0.11;20;981;15263;0.729886041926
0.11;20;460;15263;0.779642355711
0.11;20;420;15263;0.780389693423
0.11;20;419;15263;0.780389842902
0.11;25;1050;14013;0.74444922844
0.11;25;562;14013;0.783656052959
0.11;25;530;14013;0.785679506782
0.11;30;1092;12895;0.752737319934
0.11;30;621;12895;0.788358265979
0.11;30;593;12895;0.790220665727
0.11;35;1088;11677;0.754594466492
0.11;35;639;11677;0.790835721754
0.11;35;617;11677;0.792398765907
0.11;35;616;11677;0.792401955758
0.11;40;1009;10253;0.753826126324
0.11;40;602;10253;0.791836931123
0.11;40;582;10253;0.793358132335
0.11;40;580;10253;0.793363031356
0.11;45;928;8982;0.740427080148
0.11;45;568;8982;0.791723732525
0.11;45;554;8982;0.793311597917
0.11;45;553;8982;0.793318939267
0.11;50;843;7887;0.738760635841
0.11;50;531;7887;0.791356590009
0.11;50;516;7887;0.792638331059
0.11;50;515;7887;0.792648554387
0.11;55;760;6980;0.736188090885
0.11;55;492;6980;0.790429237624
0.11;55;478;6980;0.79192813935
0.11;60;692;6250;0.737910947306
0.11;60;459;6250;0.789997208619
0.11;60;448;6250;0.790960072223
0.11;65;636;5631;0.737308984168
0.11;65;424;5631;0.788796444561
0.11;65;410;5631;0.790166277405
0.11;65;409;5631;0.790185316372
0.11;70;594;5126;0.737633112941
0.11;70;402;5126;0.787928673794
0.11;70;390;5126;0.789046373505
0.11;75;554;4708;0.740794007365
0.11;75;383;4708;0.786414262729
0.11;75;375;4708;0.787338508187
0.11;80;517;4325;0.736643401425
0.11;80;357;4325;0.786192541525
0.11;80;349;4325;0.78706211106
0.11;85;474;3991;0.736212243521
0.11;85;331;3991;0.786007332495
0.11;85;327;3991;0.78632720111
0.11;90;453;3699;0.735748380396
0.11;90;327;3699;0.784644533195
0.11;90;322;3699;0.785177581755
0.11;95;425;3425;0.72709296091
0.11;95;299;3425;0.783837452037
0.11;95;297;3425;0.783976465461
0.11;100;405;3197;0.726693575643
0.11;100;289;3197;0.782453062079
0.11;100;286;3197;0.782784967119
0.11;105;379;2970;0.731723638286
0.11;105;269;2970;0.781673462753
0.11;105;266;2970;0.781905178839
0.11;110;354;2788;0.730750390125
0.11;110;250;2788;0.780700248631
0.11;110;247;2788;0.780944578479
0.11;115;343;2638;0.726335687068
0.11;115;241;2638;0.78011230716
0.11;115;239;2638;0.780233410827
0.11;120;329;2494;0.730872908189
0.11;120;232;2494;0.778896237937
0.11;120;230;2494;0.779062834111
0.11;125;310;2330;0.739577064363
0.11;125;220;2330;0.778278661661
0.11;125;219;2330;0.778322618201
0.11;130;296;2209;0.737474929619
0.11;130;215;2209;0.77708208308
0.11;130;213;2209;0.777326059257
0.11;135;280;2089;0.73629167194
0.11;135;200;2089;0.775914442682
0.11;135;197;2089;0.776165328864
0.11;140;269;1987;0.739156148616
0.11;140;191;1987;0.776092777918
0.11;140;189;1987;0.776353471939
0.11;145;261;1898;0.710858463914
0.11;145;184;1898;0.776080936938
0.11;145;182;1898;0.776350445821
0.11;150;253;1819;0.710363816087
0.11;150;179;1819;0.77588936885
0.11;150;177;1819;0.77617300062
0.11;155;246;1733;0.70799731317
0.11;155;177;1733;0.775346968254
0.11;155;175;1733;0.775565022434
0.11;160;238;1659;0.708158138326
0.11;160;172;1659;0.774063649624
0.11;160;170;1659;0.774289546718
0.11;165;227;1594;0.724831830881
0.11;165;166;1594;0.774738169346
0.11;165;164;1594;0.774971006581
0.11;170;221;1527;0.715896513679
0.11;170;160;1527;0.773919633872
0.11;170;159;1527;0.773997402259
0.11;175;215;1473;0.719074429974
0.11;175;158;1473;0.773515452011
0.11;180;208;1420;0.713981592535
0.11;180;152;1420;0.772714234397
0.11;185;194;1360;0.714600855212
0.11;185;142;1360;0.771575266058
0.11;190;188;1328;0.731222200835
0.11;190;143;1328;0.771096097129
0.11;195;187;1290;0.729588367675
0.11;195;142;1290;0.770001494677
0.11;200;178;1240;0.73529184566
0.11;200;137;1240;0.768298460543
0.115;10;788;17984;0.744324240968
0.115;10;229;17984;0.76709217529
0.115;10;198;17984;0.767395701304
0.115;10;197;17984;0.767396424008
0.115;15;876;16208;0.755456327935
0.115;15;338;16208;0.776227019263
0.115;15;306;16208;0.776819116336
0.115;20;951;14610;0.749845088429
0.115;20;446;14610;0.781554037132
0.115;20;408;14610;0.782664975545
0.115;20;407;14610;0.78266701476
0.115;25;1018;13413;0.740129782573
0.115;25;551;13413;0.785725155966
0.115;25;524;13413;0.7876597597
0.115;30;1064;12349;0.753001860843
0.115;30;614;12349;0.790864056978
0.115;30;588;12349;0.791484873554
0.115;35;1056;11193;0.756908689831
0.115;35;631;11193;0.792267377999
0.115;35;608;11193;0.793889555761
0.115;35;607;11193;0.793892582485
0.115;40;972;9817;0.75978218643
0.115;40;588;9817;0.792795471605
0.115;40;566;9817;0.794501762787
0.115;40;565;9817;0.794505735703
0.115;45;891;8586;0.760321274458
0.115;45;544;8586;0.793781141956
0.115;45;530;8586;0.794425474318
0.115;45;529;8586;0.794432512575
0.115;50;811;7541;0.758623922576
0.115;50;515;7541;0.792173906441
0.115;50;501;7541;0.793549728266
0.115;50;500;7541;0.793559995443
0.115;55;727;6677;0.745357209431
0.115;55;484;6677;0.791869395008
0.115;55;467;6677;0.79369099044
0.115;60;659;5981;0.760376802464
0.115;60;441;5981;0.791785638505
0.115;60;429;5981;0.792990712327
0.115;65;602;5396;0.759916123473
0.115;65;408;5396;0.791008505369
0.115;65;395;5396;0.792352835737
0.115;65;394;5396;0.792377008026
0.115;70;564;4910;0.759721705382
0.115;70;387;4910;0.79026653458
0.115;70;375;4910;0.79134419178
0.115;75;532;4515;0.751558888279
0.115;75;373;4515;0.788815779708
0.115;75;363;4515;0.789703568737
0.115;80;497;4143;0.751341479123
0.115;80;350;4143;0.788197832794
0.115;80;344;4143;0.78903471242
0.115;85;458;3814;0.751623133047
0.115;85;320;3814;0.788093123277
0.115;85;317;3814;0.788362416898
0.115;90;437;3539;0.738551827019
0.115;90;315;3539;0.786650431811
0.115;90;311;3539;0.787146339201
0.115;95;406;3272;0.730875836578
0.115;95;284;3272;0.78541063156
0.115;95;282;3272;0.785568503263
0.115;100;384;3051;0.730766609168
0.115;100;272;3051;0.783650085854
0.115;100;269;3051;0.784005196531
0.115;105;359;2837;0.732039456201
0.115;105;254;2837;0.782659650346
0.115;105;251;2837;0.78293088791
0.115;110;337;2656;0.730828035822
0.115;110;237;2656;0.781561498608
0.115;110;235;2656;0.78181055003
0.115;115;326;2512;0.728377425495
0.115;115;231;2512;0.780643710099
0.115;115;228;2512;0.780843051197
0.115;120;314;2377;0.728034750049
0.115;120;224;2377;0.77915401432
0.115;120;222;2377;0.779402973602
0.115;125;294;2215;0.728309173162
0.115;125;209;2215;0.778287680343
0.115;130;280;2102;0.728149009235
0.115;130;208;2102;0.776960135042
0.115;130;206;2102;0.777223011494
0.115;135;265;1987;0.727081287204
0.115;135;194;1987;0.775979129243
0.115;135;191;1987;0.776248996102
0.115;140;255;1890;0.72710915435
0.115;140;186;1890;0.776268278963
0.115;140;184;1890;0.776548831163
0.115;145;249;1809;0.727104984866
0.115;145;181;1809;0.776716274417
0.115;145;179;1809;0.777006127598
0.115;150;234;1729;0.728498531067
0.115;150;177;1729;0.775820831828
0.115;150;175;1729;0.776125841182
0.115;155;232;1648;0.711809579343
0.115;155;172;1648;0.775483801074
0.115;155;171;1648;0.77555817452
0.115;160;225;1581;0.728092211835
0.115;160;167;1581;0.774022974988
0.115;160;166;1581;0.774100555664
0.115;165;217;1520;0.728028102441
0.115;165;161;1520;0.774203366926
0.115;165;160;1520;0.77428252805
0.115;170;210;1455;0.732004568129
0.115;170;156;1455;0.773471416544
0.115;170;155;1455;0.773555202072
0.115;175;205;1406;0.732183198462
0.115;175;154;1406;0.773338923793
0.115;180;199;1358;0.727615641905
0.115;180;149;1358;0.772741078096
0.115;185;187;1298;0.728009016472
0.115;185;138;1298;0.771405711355
0.115;190;182;1268;0.728768549302
0.115;190;139;1268;0.77068918514
0.115;195;178;1231;0.728671679111
0.115;195;138;1231;0.769606236738
0.115;200;173;1185;0.727736530546
0.115;200;134;1185;0.7677247474
0.12;10;782;17164;0.736537486316
0.12;10;225;17164;0.765793723898
0.12;10;191;17164;0.766543455206
0.12;15;870;15527;0.749454361762
0.12;15;351;15527;0.775457363498
0.12;15;314;15527;0.776229759386
0.12;20;939;14031;0.744485819042
0.12;20;460;14031;0.780684351313
0.12;20;426;14031;0.781360885398
0.12;20;425;14031;0.781361292499
0.12;25;993;12889;0.736163950591
0.12;25;554;12889;0.784448669151
0.12;25;530;12889;0.786356533645
0.12;30;1030;11868;0.749411248303
0.12;30;608;11868;0.789252571998
0.12;30;582;11868;0.789802035403
0.12;35;1021;10740;0.753342436175
0.12;35;631;10740;0.789838618755
0.12;35;609;10740;0.792064372214
0.12;35;608;10740;0.792067223081
0.12;40;936;9412;0.756001865013
0.12;40;577;9412;0.790365704774
0.12;40;557;9412;0.792629287126
0.12;40;555;9412;0.792640531359
0.12;45;860;8246;0.755781388793
0.12;45;531;8246;0.790999465424
0.12;45;517;8246;0.792092430245
0.12;50;776;7241;0.754221907445
0.12;50;498;7241;0.789349730888
0.12;50;483;7241;0.791332758306
0.12;55;699;6412;0.73979680137
0.12;55;466;6412;0.789171179806
0.12;55;448;6412;0.791467203849
0.12;60;636;5744;0.755037033342
0.12;60;428;5744;0.788976804617
0.12;60;414;5744;0.790545631522
0.12;65;574;5175;0.755182809305
0.12;65;391;5175;0.788526115535
0.12;65;379;5175;0.789826186642
0.12;65;378;5175;0.789837288541
0.12;70;535;4706;0.754983023531
0.12;70;368;4706;0.787557755146
0.12;70;356;4706;0.788649815014
0.12;75;500;4329;0.753696612543
0.12;75;353;4329;0.785978752864
0.12;75;343;4329;0.786883983582
0.12;80;469;3970;0.749783236449
0.12;80;329;3970;0.785259930779
0.12;80;322;3970;0.786062040511
0.12;85;429;3649;0.750288076681
0.12;85;300;3649;0.785117125883
0.12;85;296;3649;0.785375890149
0.12;90;407;3382;0.750739627145
0.12;90;298;3382;0.783608134706
0.12;90;294;3382;0.784117193682
0.12;95;382;3129;0.742531286836
0.12;95;269;3129;0.782623813838
0.12;95;267;3129;0.782784900899
0.12;100;364;2922;0.739308334162
0.12;100;259;2922;0.780795003128
0.12;100;256;2922;0.78115809297
0.12;105;345;2716;0.73993362462
0.12;105;243;2716;0.779728127102
0.12;105;239;2716;0.780025621527
0.12;110;321;2539;0.738834689991
0.12;110;225;2539;0.778678743381
0.12;110;222;2539;0.778954246842
0.12;115;306;2396;0.738957795253
0.12;115;217;2396;0.777672501928
0.12;115;213;2396;0.778053697548
0.12;120;296;2270;0.737343360075
0.12;120;210;2270;0.776464128354
0.12;120;208;2270;0.776725811269
0.12;125;278;2116;0.723145895215
0.12;125;197;2116;0.774261562383
0.12;130;267;2012;0.736330644724
0.12;130;195;2012;0.773916542228
0.12;130;193;2012;0.774183523473
0.12;135;254;1907;0.720779044588
0.12;135;183;1907;0.772412955031
0.12;135;180;1907;0.772689284953
0.12;140;242;1817;0.721704023046
0.12;140;176;1817;0.773261739933
0.12;140;174;1817;0.773546625418
0.12;145;235;1740;0.721964195898
0.12;145;170;1740;0.772938380633
0.12;145;168;1740;0.773232782155
0.12;150;221;1661;0.72310337683
0.12;150;167;1661;0.772665373598
0.12;150;165;1661;0.772975414017
0.12;155;219;1584;0.736010383333
0.12;155;165;1584;0.77214002291
0.12;155;164;1584;0.772215054119
0.12;160;216;1518;0.704112656009
0.12;160;160;1518;0.770540031696
0.12;160;159;1518;0.770618355085
0.12;165;207;1461;0.735489108103
0.12;165;155;1461;0.770984796016
0.12;165;154;1461;0.771064710146
0.12;170;202;1399;0.735387363301
0.12;170;151;1399;0.770261536347
0.12;170;150;1399;0.770346208528
0.12;175;201;1353;0.70362041534
0.12;175;148;1353;0.769996407095
0.12;180;193;1306;0.702980830917
0.12;180;143;1306;0.769728538965
0.12;185;179;1247;0.70320410846
0.12;185;131;1247;0.768282020209
0.12;190;174;1219;0.72304426269
0.12;190;133;1219;0.767703527025
0.12;195;171;1185;0.722516641528
0.12;195;131;1185;0.766429214177
0.12;200;167;1143;0.721782750095
0.12;200;127;1143;0.764697906966
